date,revenue
2016-10-04 16:28:25,599.0
2016-10-04 19:25:29,949.99
2016-10-04 19:41:52,949.99
2016-10-05 09:46:43,629.9
2016-10-05 14:16:28,1199.0
2016-10-05 15:17:57,649.0
2016-10-05 17:09:07,599.6
2016-10-05 20:09:05,629.9
2016-10-06 07:53:10,633.0
2016-10-06 10:12:12,649.17
2016-10-06 13:24:15,1299.99
2016-10-07 08:28:42,590.0
2016-10-08 01:28:14,1399.0
2016-10-08 02:18:43,949.99
2016-10-08 10:31:00,689.99
2016-10-08 22:06:28,649.17
2016-10-10 13:57:41,739.98
2017-01-06 23:31:23,636.0
2017-01-07 17:20:56,798.0
2017-01-10 17:18:09,699.17
2017-01-11 15:18:25,755.99
2017-01-12 15:05:52,755.99
2017-01-16 14:04:11,629.0
2017-01-16 18:36:49,595.99
2017-01-18 12:59:05,719.88
2017-01-19 20:12:02,659.0
2017-01-20 11:12:25,713.6
2017-01-22 14:09:03,636.0
2017-01-22 16:03:50,689.89
2017-01-23 18:40:23,859.0
2017-01-23 19:32:40,595.99
2017-01-24 13:02:32,719.88
2017-01-24 22:16:05,831.6
2017-01-25 09:31:09,798.0
2017-01-25 19:00:25,659.99
2017-01-25 20:11:36,839.0
2017-01-26 09:50:17,1299.0
2017-01-26 13:32:04,689.89
2017-01-26 16:29:30,1718.0
2017-01-27 09:20:04,1299.0
2017-01-27 13:37:09,669.0
2017-01-27 16:21:48,1999.0
2017-01-28 17:05:18,669.0
2017-01-28 21:22:15,869.0
2017-01-28 23:45:53,589.9
2017-01-29 21:40:02,1934.0
2017-01-30 13:13:59,2199.99
2017-01-30 14:07:53,587.7
2017-01-30 17:05:18,699.0
2017-01-30 21:44:49,765.0
2017-01-31 17:01:46,2999.0
2017-02-01 14:45:46,1049.0
2017-02-02 08:47:57,649.17
2017-02-03 01:06:06,949.0
2017-02-03 10:09:40,1297.25
2017-02-03 18:08:16,1299.0
2017-02-04 12:29:21,760.0
2017-02-04 17:33:35,796.0
2017-02-04 18:54:15,3980.0
2017-02-05 17:07:34,599.0
2017-02-05 21:37:59,590.0
2017-02-06 23:05:26,739.9
2017-02-07 15:48:56,579.98
2017-02-07 16:34:23,1349.0
2017-02-07 21:06:40,571.96
2017-02-07 22:29:03,635.9
2017-02-08 10:29:28,599.0
2017-02-08 12:01:45,650.0
2017-02-08 12:53:38,1323.0
2017-02-09 14:47:33,650.0
2017-02-09 22:05:38,699.99
2017-02-10 00:58:01,565.7
2017-02-10 01:20:59,1221.03
2017-02-10 10:19:22,3699.99
2017-02-10 10:34:36,598.9
2017-02-10 22:30:01,650.0
2017-02-11 22:47:43,699.99
2017-02-12 12:38:40,1699.99
2017-02-12 20:17:15,599.0
2017-02-12 20:37:36,6735.0
2017-02-13 10:20:42,635.9
2017-02-13 18:00:53,718.0
2017-02-13 18:38:38,1299.99
2017-02-14 10:49:41,690.0
2017-02-14 14:17:39,679.99
2017-02-14 14:28:17,960.0
2017-02-14 14:34:43,599.0
2017-02-14 19:47:01,699.99
2017-02-15 12:03:50,890.0
2017-02-15 16:27:45,620.0
2017-02-17 10:53:20,990.0
2017-02-17 22:27:53,690.0
2017-02-18 01:57:33,739.9
2017-02-20 09:42:29,649.99
2017-02-20 13:35:27,1250.0
2017-02-20 16:18:50,598.4
2017-02-21 08:40:39,636.0
2017-02-21 18:35:38,3549.0
2017-02-21 21:50:47,969.0
2017-02-22 10:21:56,869.0
2017-02-22 17:46:56,1099.0
2017-02-23 17:50:02,790.0
2017-02-23 23:40:35,623.9399999999999
2017-02-24 16:37:19,689.89
2017-02-26 01:33:51,1199.9
2017-02-27 15:39:41,1591.2
2017-02-28 11:27:39,1117.8
2017-02-28 11:52:41,1169.0
2017-02-28 19:07:02,649.0
2017-02-28 19:58:46,739.9
2017-02-28 22:19:45,1890.0
2017-03-01 11:44:37,1800.0
2017-03-01 15:17:51,757.5999999999999
2017-03-02 12:13:18,2600.0
2017-03-02 12:17:57,1250.0
2017-03-02 13:52:03,794.98
2017-03-02 18:00:16,589.0
2017-03-03 08:05:16,580.27
2017-03-03 09:41:05,649.9
2017-03-03 14:12:45,1450.0
2017-03-03 16:33:56,649.0
2017-03-03 17:42:10,650.0
2017-03-03 18:53:17,1041.0
2017-03-03 21:43:21,798.0
2017-03-04 12:47:10,1375.0
2017-03-04 14:08:26,1099.0
2017-03-04 16:23:16,1800.0
2017-03-06 19:35:21,649.9
2017-03-06 20:51:57,1420.0
2017-03-07 12:38:40,794.98
2017-03-07 16:07:57,689.7
2017-03-07 16:51:21,699.99
2017-03-08 08:58:11,809.1
2017-03-08 10:44:37,809.6999999999999
2017-03-08 14:09:17,589.96
2017-03-08 18:51:06,2999.89
2017-03-08 18:56:22,629.0
2017-03-08 21:57:09,689.89
2017-03-09 17:28:19,1029.0
2017-03-09 18:15:38,834.56
2017-03-09 23:42:58,599.97
2017-03-10 14:45:51,1099.9
2017-03-10 16:13:30,1250.0
2017-03-10 23:40:38,730.0
2017-03-11 07:26:17,739.9
2017-03-11 12:35:02,650.0
2017-03-11 12:45:00,650.0
2017-03-11 19:12:49,650.0
2017-03-11 19:23:25,689.89
2017-03-11 22:57:05,869.95
2017-03-13 07:54:19,1309.99
2017-03-13 10:18:25,1275.0
2017-03-13 21:30:52,2130.0
2017-03-13 22:32:23,680.0
2017-03-14 09:15:31,598.0
2017-03-14 15:16:42,565.0
2017-03-14 17:33:28,679.6
2017-03-14 19:19:23,649.9
2017-03-14 22:44:28,1589.0
2017-03-15 04:25:48,649.75
2017-03-15 10:48:52,689.89
2017-03-15 19:08:27,582.5
2017-03-15 22:36:29,819.0
2017-03-16 16:55:28,1199.0
2017-03-17 11:15:39,849.0
2017-03-17 13:12:05,1300.52
2017-03-17 18:38:06,1380.0
2017-03-18 14:28:34,969.0
2017-03-18 14:53:45,717.71
2017-03-18 17:56:04,2498.0
2017-03-18 20:08:04,3999.9
2017-03-20 08:48:55,849.0
2017-03-20 19:11:14,2999.89
2017-03-21 14:37:07,576.21
2017-03-21 16:54:22,1199.9
2017-03-21 18:44:58,659.0
2017-03-22 06:54:29,599.0
2017-03-22 09:32:13,636.0
2017-03-22 09:55:14,1949.9
2017-03-22 10:44:34,739.9
2017-03-22 17:51:12,686.73
2017-03-23 16:39:19,2120.39
2017-03-23 17:41:45,725.0
2017-03-23 19:47:34,1737.0
2017-03-24 15:02:41,739.9
2017-03-24 17:27:01,809.9
2017-03-25 10:17:37,589.0
2017-03-25 18:55:36,739.9
2017-03-25 21:22:15,897.0
2017-03-27 00:36:00,580.27
2017-03-27 09:07:28,738.9
2017-03-27 09:50:39,899.0
2017-03-27 11:26:48,2999.89
2017-03-27 20:17:54,580.27
2017-03-28 08:46:48,718.0
2017-03-28 19:36:58,883.57
2017-03-28 23:49:12,739.9
2017-03-29 15:06:13,664.9
2017-03-30 08:50:15,999.9
2017-03-30 10:27:46,637.0
2017-03-30 13:10:18,889.0
2017-03-31 10:32:10,730.0
2017-03-31 10:55:07,726.36
2017-03-31 17:04:13,1775.0
2017-03-31 21:40:22,2200.0
2017-04-01 10:44:01,1654.44
2017-04-01 12:40:40,585.8
2017-04-01 15:44:55,1999.0
2017-04-01 15:58:40,4799.0
2017-04-01 15:58:41,2589.0
2017-04-02 00:18:00,1596.0
2017-04-03 10:37:48,570.0
2017-04-03 14:04:19,1964.0
2017-04-03 22:00:05,631.98
2017-04-04 10:10:15,599.98
2017-04-04 11:26:31,738.9
2017-04-05 09:55:00,1420.0
2017-04-05 13:51:15,869.9
2017-04-05 15:04:14,699.99
2017-04-05 16:12:50,2951.0
2017-04-05 16:25:35,1199.9
2017-04-05 21:01:30,1399.0
2017-04-06 07:04:06,1540.0
2017-04-06 11:53:43,809.9
2017-04-06 13:44:08,2690.0
2017-04-06 15:45:10,1549.0
2017-04-06 16:50:03,899.0
2017-04-06 17:11:06,2492.5
2017-04-06 18:34:13,999.9
2017-04-06 21:07:35,2589.0
2017-04-06 22:16:10,809.1
2017-04-07 13:01:34,849.99
2017-04-07 13:33:24,830.51
2017-04-07 19:21:43,799.0
2017-04-07 23:16:09,1609.9
2017-04-08 17:02:22,975.0
2017-04-09 20:51:23,719.0
2017-04-10 11:18:24,600.0
2017-04-10 17:10:58,1375.0
2017-04-10 23:12:09,566.88
2017-04-10 23:29:46,599.0
2017-04-11 21:30:10,1140.9
2017-04-12 13:45:31,620.1
2017-04-13 01:42:36,793.42
2017-04-13 14:08:37,729.0
2017-04-13 15:03:34,799.98
2017-04-13 20:32:27,680.0
2017-04-14 15:57:14,849.0
2017-04-14 16:11:03,1140.9
2017-04-15 09:42:38,998.9
2017-04-15 10:32:56,799.95
2017-04-15 12:11:01,843.0
2017-04-15 14:40:01,959.99
2017-04-17 18:22:04,1449.8
2017-04-18 17:23:33,619.8
2017-04-18 18:17:32,969.0
2017-04-18 18:49:22,999.99
2017-04-18 18:50:13,4690.0
2017-04-18 20:37:26,3999.0
2017-04-18 23:38:18,849.0
2017-04-19 16:01:21,799.0
2017-04-19 17:50:59,699.0
2017-04-20 08:30:40,620.1
2017-04-20 10:20:35,849.0
2017-04-20 13:34:27,594.0
2017-04-20 19:08:42,689.0
2017-04-21 00:11:35,899.8
2017-04-22 10:30:14,990.0
2017-04-22 13:55:16,689.9
2017-04-22 17:16:31,669.0
2017-04-22 18:37:44,999.99
2017-04-22 18:45:59,689.89
2017-04-23 00:01:25,958.99
2017-04-23 22:45:21,760.0
2017-04-24 09:51:21,1854.0
2017-04-24 19:52:11,568.45
2017-04-25 10:48:47,700.0
2017-04-25 13:46:24,858.0
2017-04-25 14:58:48,729.9
2017-04-25 17:25:23,593.36
2017-04-26 16:23:04,1740.0
2017-04-27 11:00:31,589.9
2017-04-27 16:06:35,849.0
2017-04-27 16:51:17,594.21
2017-04-27 22:05:13,589.9
2017-04-28 11:32:58,864.72
2017-04-28 14:41:39,859.0
2017-04-28 15:06:58,729.99
2017-04-28 15:54:22,1499.8
2017-04-28 18:29:29,700.0
2017-04-29 08:31:54,1653.88
2017-04-29 21:13:50,589.9
2017-04-29 21:24:41,585.0
2017-05-01 19:05:18,629.9
2017-05-01 19:27:31,729.0
2017-05-02 01:58:38,620.1
2017-05-02 10:18:30,1169.44
2017-05-02 16:01:55,809.1
2017-05-02 16:49:55,899.0
2017-05-04 01:04:02,799.0
2017-05-04 17:27:01,849.0
2017-05-05 14:47:40,966.0
2017-05-05 16:49:28,990.0
2017-05-05 20:33:45,1299.99
2017-05-06 11:54:20,679.0
2017-05-06 12:28:42,798.0
2017-05-06 15:22:18,2249.0
2017-05-06 19:58:48,1697.0
2017-05-07 12:42:56,1197.9
2017-05-07 16:47:29,958.99
2017-05-07 17:16:27,1899.12
2017-05-07 21:40:09,579.75
2017-05-07 22:23:30,1820.0
2017-05-08 10:35:42,699.99
2017-05-08 14:59:40,677.9399999999999
2017-05-08 16:25:25,589.99
2017-05-08 23:55:09,999.9
2017-05-09 09:32:59,1158.25
2017-05-09 11:20:30,1618.2
2017-05-09 11:30:18,749.9399999999999
2017-05-09 12:36:05,1199.9
2017-05-09 14:33:43,755.6
2017-05-09 14:41:10,755.6
2017-05-09 14:46:34,2740.0
2017-05-10 09:00:07,684.89
2017-05-10 13:19:56,799.0
2017-05-10 15:05:47,3597.0
2017-05-10 15:24:16,809.1
2017-05-10 16:57:39,572.0
2017-05-10 17:04:35,1878.33
2017-05-10 20:31:02,599.9
2017-05-11 02:34:52,633.14
2017-05-11 14:52:11,889.99
2017-05-11 14:58:59,1129.34
2017-05-11 17:30:39,1308.0
2017-05-11 19:17:49,1520.0
2017-05-13 11:44:27,749.0
2017-05-14 06:20:25,669.0
2017-05-14 13:56:56,599.9
2017-05-14 15:56:59,1086.76
2017-05-14 19:52:34,961.6
2017-05-14 22:58:59,629.9
2017-05-14 23:14:21,599.99
2017-05-15 00:45:02,899.8
2017-05-15 09:47:25,1440.0
2017-05-15 10:17:58,626.7
2017-05-15 11:37:20,689.99
2017-05-15 20:09:57,569.95
2017-05-16 00:08:14,1000.0
2017-05-16 09:53:59,889.9
2017-05-16 10:55:20,659.97
2017-05-16 14:10:44,689.0
2017-05-16 16:20:43,629.99
2017-05-16 17:42:20,2799.0
2017-05-17 09:44:13,655.0
2017-05-17 11:36:51,2109.9
2017-05-17 12:50:13,1199.9
2017-05-17 18:47:02,1250.0
2017-05-18 08:40:01,773.5
2017-05-18 09:34:55,665.56
2017-05-18 12:26:29,899.99
2017-05-18 15:38:31,835.6
2017-05-18 18:36:43,775.0
2017-05-18 23:25:09,789.99
2017-05-19 14:45:14,867.3000000000001
2017-05-19 22:46:23,759.0
2017-05-20 00:04:17,869.97
2017-05-20 16:07:06,665.54
2017-05-21 08:05:33,740.0
2017-05-21 15:18:54,849.0
2017-05-21 15:57:33,1199.99
2017-05-21 20:15:25,795.0
2017-05-22 12:58:59,589.0
2017-05-22 16:17:30,999.0
2017-05-22 17:47:01,760.0
2017-05-22 18:28:29,760.0
2017-05-22 18:54:48,849.0
2017-05-22 22:10:22,1799.0
2017-05-22 22:38:58,1299.99
2017-05-22 23:21:58,578.9
2017-05-23 08:23:07,1899.12
2017-05-23 19:52:27,779.0
2017-05-23 21:10:31,845.0
2017-05-24 14:10:06,669.0
2017-05-24 16:49:44,759.0
2017-05-24 18:14:34,6499.0
2017-05-25 02:07:32,713.7
2017-05-25 07:49:44,599.0
2017-05-25 09:46:06,594.0
2017-05-25 11:52:24,1197.9
2017-05-25 16:09:40,871.62
2017-05-25 17:10:19,790.9
2017-05-26 07:36:03,834.56
2017-05-27 10:44:41,1036.0
2017-05-27 12:54:36,572.0
2017-05-27 13:38:26,669.0
2017-05-27 23:26:40,1672.0
2017-05-29 03:13:00,739.9
2017-05-29 12:01:24,590.82
2017-05-29 14:06:33,723.74
2017-05-29 23:05:45,1199.99
2017-05-30 08:48:18,1449.0
2017-05-30 12:05:05,1099.98
2017-05-30 12:41:01,890.0
2017-05-30 18:02:17,977.5
2017-05-31 02:25:24,639.9
2017-05-31 11:07:58,1850.0
2017-05-31 12:51:54,1039.48
2017-05-31 18:30:10,1359.0
2017-05-31 21:55:40,599.0
2017-05-31 22:18:19,845.0
2017-06-01 12:05:45,1299.99
2017-06-01 12:30:35,1159.0
2017-06-01 12:56:27,589.0
2017-06-01 13:19:02,999.99
2017-06-01 15:30:51,1500.0
2017-06-01 16:53:03,736.0
2017-06-01 17:48:05,572.0
2017-06-02 09:19:00,2649.0
2017-06-02 16:17:33,802.14
2017-06-02 17:48:30,572.0
2017-06-02 23:28:04,726.35
2017-06-03 10:16:52,1228.5
2017-06-04 15:39:48,845.0
2017-06-04 17:22:51,845.0
2017-06-04 18:45:18,599.9
2017-06-04 21:33:39,1769.0
2017-06-05 13:36:53,1199.9
2017-06-05 16:31:46,629.0
2017-06-05 19:38:57,2649.0
2017-06-05 20:52:34,2999.89
2017-06-05 21:01:22,590.82
2017-06-05 22:38:53,599.0
2017-06-05 23:26:27,642.0
2017-06-06 12:34:53,629.0
2017-06-06 21:42:04,759.0
2017-06-07 16:25:46,594.21
2017-06-08 10:49:42,796.0
2017-06-08 12:14:33,897.0
2017-06-08 20:16:48,750.5
2017-06-08 21:00:36,1570.0
2017-06-08 22:46:23,804.48
2017-06-09 14:56:30,1160.0
2017-06-09 15:46:17,788.42
2017-06-09 16:40:56,966.0
2017-06-09 17:27:45,779.0
2017-06-09 17:57:38,999.99
2017-06-09 18:09:35,699.0
2017-06-11 14:40:44,616.8
2017-06-11 17:09:52,572.0
2017-06-11 18:01:24,1104.44
2017-06-12 11:00:50,899.04
2017-06-12 12:26:02,749.9
2017-06-12 15:31:06,677.6
2017-06-13 03:31:45,570.9
2017-06-13 15:06:57,599.9
2017-06-14 01:00:14,899.0
2017-06-14 01:28:54,989.99
2017-06-14 02:03:11,575.99
2017-06-14 08:37:39,572.0
2017-06-14 13:59:35,1585.83
2017-06-14 14:59:53,1999.99
2017-06-14 15:29:08,1999.99
2017-06-14 16:07:23,688.0
2017-06-15 14:11:57,754.0
2017-06-15 17:23:29,1199.9
2017-06-15 20:11:55,570.0
2017-06-16 01:38:26,1999.99
2017-06-16 12:11:55,667.0
2017-06-16 13:25:24,729.0
2017-06-17 15:26:32,780.0
2017-06-17 21:58:41,1999.99
2017-06-18 12:16:28,1999.99
2017-06-18 17:22:09,1999.99
2017-06-18 18:57:04,2690.0
2017-06-18 22:34:32,590.82
2017-06-18 23:14:38,1999.99
2017-06-19 00:13:35,690.0
2017-06-19 09:59:58,1999.99
2017-06-19 14:31:01,1890.0
2017-06-20 10:53:15,572.0
2017-06-20 14:53:28,860.0
2017-06-21 09:02:30,699.0
2017-06-21 13:53:48,1999.99
2017-06-23 01:40:58,690.0
2017-06-23 19:09:14,1180.95
2017-06-23 21:50:23,990.0
2017-06-24 15:29:07,569.8199999999999
2017-06-24 19:17:09,899.0
2017-06-24 22:31:23,572.0
2017-06-25 08:11:23,990.0
2017-06-25 11:00:09,899.0
2017-06-25 11:56:23,2499.99
2017-06-25 15:58:28,899.0
2017-06-25 18:37:18,1349.0
2017-06-26 10:26:31,2649.99
2017-06-26 12:54:25,1250.0
2017-06-26 13:06:15,595.0
2017-06-26 13:44:08,1390.0
2017-06-26 15:25:02,749.9
2017-06-27 12:19:46,580.27
2017-06-27 15:39:38,1199.0
2017-06-28 08:47:01,979.0
2017-06-28 12:18:17,599.0
2017-06-28 18:09:28,799.95
2017-06-28 21:29:42,1056.0
2017-06-28 21:41:35,569.7
2017-06-29 11:51:38,569.0
2017-06-29 14:11:25,599.0
2017-06-30 10:14:42,572.0
2017-06-30 10:35:12,598.4
2017-06-30 16:18:07,1199.9
2017-06-30 18:14:19,792.0
2017-07-01 11:00:49,999.99
2017-07-01 15:16:12,783.14
2017-07-01 16:43:58,629.0
2017-07-01 16:58:26,579.9
2017-07-01 18:42:10,589.0
2017-07-01 18:50:04,600.0
2017-07-01 19:30:45,598.4
2017-07-02 21:58:57,990.0
2017-07-03 16:42:42,699.9
2017-07-03 18:31:22,630.0
2017-07-03 18:34:19,969.99
2017-07-03 21:01:08,680.0
2017-07-03 21:34:43,899.99
2017-07-03 23:28:14,576.56
2017-07-04 10:24:45,658.9
2017-07-04 11:00:14,606.39
2017-07-04 13:37:14,889.99
2017-07-04 13:56:15,699.9
2017-07-04 17:54:07,708.0
2017-07-05 09:31:18,899.0
2017-07-05 14:30:37,572.0
2017-07-05 14:55:19,740.0
2017-07-05 17:29:04,699.0
2017-07-05 17:44:29,1704.97
2017-07-05 21:05:59,1625.0
2017-07-06 09:01:43,594.0
2017-07-06 09:03:56,572.0
2017-07-06 14:25:00,659.0
2017-07-06 14:51:37,2999.89
2017-07-06 16:39:04,746.0
2017-07-07 17:16:39,572.0
2017-07-07 21:09:46,599.9
2017-07-07 22:25:06,699.0
2017-07-09 16:17:20,849.9
2017-07-10 14:25:38,670.0
2017-07-10 17:44:36,1283.64
2017-07-11 16:18:16,879.99
2017-07-11 17:50:45,899.0
2017-07-11 21:15:04,629.0
2017-07-11 21:54:29,798.0
2017-07-11 23:03:55,569.0
2017-07-12 15:17:36,799.0
2017-07-12 17:40:52,899.0
2017-07-12 22:56:05,630.0
2017-07-14 08:20:50,1122.0
2017-07-14 20:33:31,1180.0
2017-07-14 22:48:39,572.0
2017-07-15 19:04:37,667.0
2017-07-15 19:20:51,1160.0
2017-07-16 15:14:08,829.99
2017-07-17 14:07:15,567.04
2017-07-17 17:41:15,898.0
2017-07-17 21:48:20,1199.99
2017-07-18 09:18:49,619.64
2017-07-18 09:22:02,1999.99
2017-07-18 10:39:16,566.88
2017-07-18 11:10:37,699.9
2017-07-18 14:26:30,1597.35
2017-07-18 18:49:15,1999.99
2017-07-19 11:18:00,588.0
2017-07-19 12:39:52,679.76
2017-07-19 15:34:34,883.64
2017-07-20 14:32:34,1199.9
2017-07-20 15:25:14,783.6
2017-07-20 16:33:41,782.25
2017-07-21 12:54:47,649.0
2017-07-21 13:24:01,1099.0
2017-07-21 15:08:23,1449.5
2017-07-22 20:35:13,719.0
2017-07-22 20:51:26,672.41
2017-07-23 07:36:10,824.99
2017-07-23 21:56:45,572.0
2017-07-24 11:28:55,1004.99
2017-07-24 11:38:43,750.0
2017-07-24 13:22:29,650.0
2017-07-24 23:14:08,679.99
2017-07-25 13:06:45,695.72
2017-07-25 15:59:06,948.19
2017-07-25 16:31:36,699.9
2017-07-26 21:53:51,690.0
2017-07-27 12:22:59,1299.0
2017-07-27 20:36:00,1050.0
2017-07-27 22:35:29,787.9
2017-07-28 11:56:03,1199.9
2017-07-28 16:22:00,2399.8
2017-07-28 22:00:31,629.0
2017-07-29 10:47:22,655.96
2017-07-29 13:29:15,849.9
2017-07-29 13:30:29,898.0
2017-07-30 03:14:20,699.99
2017-07-30 19:04:04,667.0
2017-07-30 23:10:56,572.0
2017-07-31 10:42:49,955.0
2017-07-31 16:57:33,690.0
2017-07-31 19:00:05,899.0
2017-08-01 09:24:06,1736.0
2017-08-01 10:25:49,1359.0
2017-08-01 13:07:11,775.0
2017-08-01 17:56:12,789.0
2017-08-02 13:49:39,708.0
2017-08-02 15:03:37,629.9
2017-08-02 15:39:41,1199.9
2017-08-02 17:13:38,890.6999999999999
2017-08-03 07:57:02,699.99
2017-08-03 12:08:45,600.0
2017-08-03 18:05:05,629.0
2017-08-03 18:25:30,1299.9
2017-08-03 20:12:38,749.0
2017-08-04 09:49:27,899.99
2017-08-04 19:47:07,599.9
2017-08-04 21:25:24,898.0
2017-08-04 21:53:03,579.9
2017-08-05 07:21:56,799.0
2017-08-05 07:34:29,579.9
2017-08-05 16:48:23,799.0
2017-08-06 13:09:40,899.0
2017-08-06 17:55:55,749.9
2017-08-06 20:49:26,1029.76
2017-08-07 10:21:18,1458.0
2017-08-07 10:42:56,678.0
2017-08-07 11:21:25,629.0
2017-08-07 11:51:29,572.0
2017-08-07 12:44:28,999.0
2017-08-07 16:06:52,575.5
2017-08-07 21:25:10,819.9
2017-08-07 23:32:29,819.9
2017-08-08 01:49:02,799.0
2017-08-08 11:37:24,689.7
2017-08-08 16:25:28,646.2
2017-08-09 00:38:43,900.0
2017-08-09 12:43:43,583.0
2017-08-09 16:57:21,1004.99
2017-08-09 20:09:55,2096.94
2017-08-10 13:34:25,819.9
2017-08-10 21:21:07,712.0
2017-08-10 22:09:50,859.0
2017-08-11 11:35:58,1380.0
2017-08-11 11:58:43,639.99
2017-08-11 13:17:36,899.9
2017-08-11 13:30:14,629.0
2017-08-11 17:18:16,584.9
2017-08-11 21:22:58,572.0
2017-08-12 11:37:44,629.0
2017-08-12 13:27:54,1014.5999999999999
2017-08-12 15:29:22,572.0
2017-08-12 18:01:32,675.99
2017-08-13 13:09:12,890.0
2017-08-13 16:29:32,572.0
2017-08-13 20:06:08,2159.98
2017-08-14 08:05:48,1300.0
2017-08-14 12:42:23,1050.0
2017-08-15 10:10:34,998.0
2017-08-15 13:30:12,572.0
2017-08-15 21:09:16,597.0
2017-08-15 21:29:06,910.0
2017-08-16 11:04:41,880.0
2017-08-16 11:06:19,599.99
2017-08-16 14:36:34,1999.0
2017-08-16 16:29:31,599.0
2017-08-16 17:02:10,699.99
2017-08-16 20:41:27,699.96
2017-08-16 21:32:48,2649.0
2017-08-17 00:02:20,829.0
2017-08-17 09:59:49,569.97
2017-08-17 15:11:20,829.0
2017-08-17 17:36:22,625.99
2017-08-17 22:13:13,900.0
2017-08-18 16:26:37,1815.91
2017-08-18 21:51:45,629.94
2017-08-18 22:50:41,579.0
2017-08-19 06:19:52,668.9
2017-08-19 09:44:46,869.99
2017-08-19 14:49:51,748.0
2017-08-19 21:23:39,810.0
2017-08-20 11:40:02,1597.35
2017-08-20 16:09:44,799.9
2017-08-20 19:28:57,849.9
2017-08-21 15:49:41,594.0
2017-08-21 19:07:55,679.99
2017-08-21 23:04:23,1589.96
2017-08-22 03:24:39,599.0
2017-08-22 09:29:59,584.9
2017-08-22 11:32:57,629.0
2017-08-22 12:49:28,598.0
2017-08-22 13:25:49,799.99
2017-08-22 14:06:32,678.9
2017-08-22 19:37:39,599.0
2017-08-23 09:22:34,1974.0
2017-08-23 10:59:45,728.0
2017-08-23 11:59:03,869.6999999999999
2017-08-23 14:34:52,702.0
2017-08-23 21:58:28,749.99
2017-08-24 14:34:50,579.9
2017-08-25 09:45:25,599.0
2017-08-25 10:58:26,651.55
2017-08-25 11:49:25,799.99
2017-08-26 10:26:53,599.0
2017-08-26 19:57:39,939.0
2017-08-27 00:52:00,645.0
2017-08-27 09:12:02,599.0
2017-08-27 14:07:04,669.99
2017-08-27 15:53:51,599.0
2017-08-28 15:14:21,678.9
2017-08-28 18:29:21,1100.0
2017-08-28 21:16:10,1200.0
2017-08-28 21:45:52,1200.0
2017-08-28 21:51:16,610.0
2017-08-28 23:02:43,1200.0
2017-08-28 23:13:30,999.9
2017-08-29 04:40:58,1200.0
2017-08-29 09:29:34,1200.0
2017-08-29 09:42:04,599.99
2017-08-29 09:49:32,1099.99
2017-08-29 10:55:25,1100.0
2017-08-29 13:34:52,1200.0
2017-08-29 13:58:48,1100.0
2017-08-29 14:39:18,719.0
2017-08-29 15:20:56,1200.0
2017-08-29 16:07:08,850.0
2017-08-29 16:25:58,1200.0
2017-08-29 17:42:10,1200.0
2017-08-29 19:04:05,1200.0
2017-08-29 20:25:15,1200.0
2017-08-29 20:30:55,1100.0
2017-08-29 22:35:42,1200.0
2017-08-29 22:38:40,1200.0
2017-08-29 23:47:39,850.0
2017-08-30 09:33:21,1100.0
2017-08-30 09:42:17,839.8
2017-08-30 10:51:41,1200.0
2017-08-30 11:39:07,1200.0
2017-08-30 12:47:57,1200.0
2017-08-30 13:54:04,1200.0
2017-08-30 16:37:44,1100.0
2017-08-30 17:50:38,1200.0
2017-08-30 20:10:10,610.0
2017-08-30 21:00:01,1300.0
2017-08-30 22:43:57,1300.0
2017-08-31 12:29:34,970.0
2017-08-31 15:05:50,1200.0
2017-08-31 16:51:48,931.04
2017-08-31 20:11:40,1048.0
2017-08-31 22:22:19,589.99
2017-09-01 00:23:12,1300.0
2017-09-01 01:08:15,1048.0
2017-09-01 10:51:00,1200.0
2017-09-01 14:00:39,1300.0
2017-09-01 14:38:16,1200.0
2017-09-01 16:30:59,589.99
2017-09-01 16:54:40,1200.0
2017-09-01 18:40:44,1249.49
2017-09-01 21:42:51,1300.0
2017-09-01 21:44:28,778.0
2017-09-01 21:53:59,1300.0
2017-09-02 10:27:11,887.0
2017-09-02 11:02:38,610.0
2017-09-02 14:38:20,690.0
2017-09-02 15:09:09,1700.0
2017-09-02 17:37:10,1300.0
2017-09-02 19:48:30,1300.0
2017-09-02 20:38:01,1300.0
2017-09-02 21:01:18,790.0
2017-09-02 22:27:41,689.9
2017-09-03 02:42:26,1200.0
2017-09-03 08:23:32,849.5
2017-09-03 09:33:51,1798.0
2017-09-03 10:41:08,1326.5
2017-09-03 12:20:34,699.0
2017-09-03 13:39:06,1499.99
2017-09-03 14:04:28,719.0
2017-09-03 15:10:42,1300.0
2017-09-03 17:12:40,610.0
2017-09-03 17:30:48,1300.0
2017-09-03 21:25:25,699.0
2017-09-03 21:42:30,610.0
2017-09-03 22:14:32,887.0
2017-09-04 12:30:41,1299.9
2017-09-04 13:07:41,1299.9
2017-09-04 14:26:51,850.0
2017-09-04 14:28:22,1299.9
2017-09-04 15:18:08,1299.9
2017-09-04 15:38:31,990.0
2017-09-04 16:52:19,899.0
2017-09-04 21:48:50,719.0
2017-09-05 09:41:49,1099.0
2017-09-05 09:45:57,899.99
2017-09-05 13:48:17,640.99
2017-09-05 18:45:31,1199.9
2017-09-06 08:34:13,1299.9
2017-09-06 09:49:37,1287.0
2017-09-06 09:52:56,1299.9
2017-09-06 10:21:17,1299.9
2017-09-06 13:12:04,619.98
2017-09-06 13:14:11,850.0
2017-09-06 16:10:51,1299.9
2017-09-06 17:07:29,975.0
2017-09-06 17:50:25,1099.0
2017-09-06 18:33:32,1399.9
2017-09-07 11:10:33,1146.0
2017-09-07 11:23:20,639.96
2017-09-07 16:07:10,610.0
2017-09-07 18:43:07,1549.99
2017-09-07 19:07:38,1549.99
2017-09-07 19:13:55,610.0
2017-09-07 19:35:39,760.0
2017-09-07 20:32:33,850.0
2017-09-09 11:40:50,649.99
2017-09-09 14:43:10,610.0
2017-09-09 21:01:34,1980.0
2017-09-10 09:49:07,669.99
2017-09-10 10:21:53,610.0
2017-09-10 18:57:41,589.0
2017-09-10 19:53:37,599.0
2017-09-10 19:56:58,729.0
2017-09-11 12:19:02,690.0
2017-09-11 16:54:06,790.0
2017-09-11 18:07:07,890.0
2017-09-11 18:57:07,790.0
2017-09-11 19:42:40,599.0
2017-09-11 19:50:06,1199.95
2017-09-11 23:58:13,1149.9
2017-09-12 00:00:54,1549.99
2017-09-12 10:31:42,1379.0
2017-09-12 12:34:13,820.0
2017-09-12 15:29:33,919.6
2017-09-13 10:36:49,899.0
2017-09-13 11:04:08,887.0
2017-09-13 14:12:25,799.99
2017-09-13 15:07:45,721.5
2017-09-13 16:43:57,1890.0
2017-09-13 20:49:28,1663.0
2017-09-14 10:12:04,804.63
2017-09-14 20:34:09,907.9
2017-09-14 23:46:41,1649.99
2017-09-15 10:13:09,599.99
2017-09-15 13:18:29,1199.0
2017-09-15 16:35:51,730.0
2017-09-15 18:48:53,599.99
2017-09-16 06:40:54,849.99
2017-09-16 08:25:27,999.99
2017-09-16 11:26:48,1890.0
2017-09-16 12:37:51,1649.99
2017-09-16 20:30:09,790.0
2017-09-16 22:28:50,599.0
2017-09-17 08:33:40,1349.99
2017-09-17 09:58:40,610.0
2017-09-17 15:12:35,749.99
2017-09-17 15:34:03,645.99
2017-09-17 19:18:06,1349.99
2017-09-17 19:30:23,589.99
2017-09-17 20:09:45,898.9
2017-09-18 01:50:20,1349.99
2017-09-18 09:02:16,689.9
2017-09-18 14:27:53,769.9
2017-09-18 15:55:33,799.96
2017-09-18 17:03:31,610.0
2017-09-18 19:00:06,795.0
2017-09-18 22:16:48,1057.9
2017-09-18 23:16:10,1640.6999999999998
2017-09-19 14:23:31,1099.0
2017-09-19 15:31:55,642.0
2017-09-19 17:31:35,999.0
2017-09-19 20:15:05,799.99
2017-09-20 00:14:44,610.0
2017-09-20 13:00:51,589.0
2017-09-20 14:37:12,610.0
2017-09-20 18:00:58,592.8
2017-09-20 19:43:04,659.0
2017-09-20 20:28:03,610.0
2017-09-21 09:43:31,759.9
2017-09-21 10:07:30,636.0
2017-09-21 14:24:30,645.0
2017-09-21 15:22:14,810.0
2017-09-22 17:41:49,599.88
2017-09-22 18:11:50,659.99
2017-09-23 09:42:12,796.0
2017-09-24 10:06:38,596.65
2017-09-24 17:34:19,610.0
2017-09-25 11:46:14,918.0
2017-09-25 12:00:08,599.98
2017-09-25 13:55:03,1599.99
2017-09-25 15:54:59,610.0
2017-09-26 13:50:32,579.99
2017-09-26 17:29:19,1004.99
2017-09-26 22:17:05,895.0
2017-09-27 08:42:08,885.0
2017-09-27 11:55:27,789.9
2017-09-27 18:42:32,1599.99
2017-09-27 19:57:59,1004.99
2017-09-28 08:14:06,1316.0
2017-09-28 11:01:38,719.99
2017-09-28 12:20:16,570.9
2017-09-28 14:24:00,810.0
2017-09-28 15:52:46,1599.99
2017-09-28 16:36:18,1679.6
2017-09-29 13:19:51,1736.0
2017-09-29 13:41:56,899.0
2017-09-29 15:24:52,13440.0
2017-09-29 19:42:52,880.0
2017-09-29 20:51:26,1599.99
2017-09-29 22:34:09,810.0
2017-09-30 16:28:52,899.99
2017-09-30 16:57:37,895.0
2017-09-30 21:44:30,1599.99
2017-10-01 12:14:31,659.0
2017-10-01 13:57:15,849.99
2017-10-01 19:27:14,1599.99
2017-10-01 22:25:26,1688.0
2017-10-02 14:15:25,599.99
2017-10-02 14:28:59,729.0
2017-10-02 15:49:23,1879.9
2017-10-02 17:32:29,845.0
2017-10-02 22:01:33,580.27
2017-10-02 22:10:56,610.0
2017-10-02 22:45:12,1599.99
2017-10-03 08:00:22,579.0
2017-10-03 12:18:28,1490.0
2017-10-03 13:20:57,1156.99
2017-10-03 15:22:13,1099.99
2017-10-03 19:57:22,615.0
2017-10-03 20:12:45,1599.99
2017-10-04 00:43:21,669.0
2017-10-04 09:13:51,599.5
2017-10-04 09:43:36,1399.99
2017-10-04 13:49:14,610.0
2017-10-04 17:20:15,722.5
2017-10-04 17:31:28,1610.0
2017-10-04 17:56:28,899.99
2017-10-05 09:13:21,1519.46
2017-10-05 10:28:57,1459.0
2017-10-05 14:17:04,599.52
2017-10-05 17:54:42,1599.99
2017-10-05 18:26:36,849.5999999999999
2017-10-05 19:12:29,1599.99
2017-10-05 19:23:16,2999.99
2017-10-05 20:51:52,999.8
2017-10-06 10:22:39,1699.99
2017-10-06 17:12:13,563.56
2017-10-06 22:18:57,669.0
2017-10-07 10:55:54,897.0
2017-10-07 14:32:01,1035.09
2017-10-07 14:59:47,1599.99
2017-10-07 15:52:19,760.0
2017-10-08 05:32:42,999.99
2017-10-08 09:48:47,599.96
2017-10-08 09:52:27,599.96
2017-10-08 21:42:35,679.9
2017-10-09 10:22:29,730.0
2017-10-09 11:44:19,935.0
2017-10-09 12:55:44,1989.0
2017-10-09 13:58:59,565.0
2017-10-09 15:46:07,899.0
2017-10-09 19:07:28,899.0
2017-10-09 19:26:58,730.0
2017-10-09 19:32:28,759.8
2017-10-09 22:37:13,579.8
2017-10-09 22:57:09,699.0
2017-10-09 23:55:59,579.0
2017-10-10 14:30:25,2999.99
2017-10-10 15:41:10,599.8
2017-10-10 16:06:13,689.0
2017-10-10 17:43:33,799.0
2017-10-10 19:15:23,628.0
2017-10-10 19:47:16,1437.0
2017-10-10 20:44:59,589.0
2017-10-10 20:54:55,1260.0
2017-10-11 08:34:30,789.0
2017-10-11 09:42:41,629.99
2017-10-11 09:50:15,1340.0
2017-10-11 16:23:11,698.9
2017-10-11 18:25:49,1989.0
2017-10-11 19:51:04,865.0
2017-10-12 01:05:34,759.96
2017-10-12 11:12:39,799.99
2017-10-12 13:33:22,895.0
2017-10-12 18:49:17,624.19
2017-10-12 20:12:59,689.0
2017-10-13 08:20:13,768.0
2017-10-13 09:47:27,1380.0
2017-10-13 10:09:06,610.0
2017-10-13 14:14:14,649.99
2017-10-13 16:10:18,702.0
2017-10-13 17:19:17,689.99
2017-10-13 17:28:07,640.0
2017-10-13 18:46:27,653.4000000000001
2017-10-13 22:30:47,1004.99
2017-10-14 14:45:58,978.0
2017-10-14 19:34:10,968.0
2017-10-15 13:01:37,690.0
2017-10-15 16:50:20,799.99
2017-10-15 19:25:02,1437.0
2017-10-15 19:48:23,796.0
2017-10-15 21:06:30,1980.0
2017-10-16 08:07:41,1004.99
2017-10-16 10:07:40,819.0
2017-10-16 10:31:44,1437.0
2017-10-16 10:45:33,699.99
2017-10-16 11:28:49,669.99
2017-10-16 12:04:59,789.0
2017-10-16 17:03:04,1490.0
2017-10-16 21:33:19,730.0
2017-10-17 00:04:06,610.0
2017-10-17 09:54:42,859.0
2017-10-17 10:04:01,1004.99
2017-10-17 13:06:29,715.08
2017-10-17 14:31:21,699.99
2017-10-17 14:36:26,799.99
2017-10-17 15:55:42,815.7
2017-10-17 16:34:11,1199.9
2017-10-17 18:41:56,849.98
2017-10-17 22:21:41,629.0
2017-10-17 22:39:08,610.0
2017-10-18 00:51:23,1989.0
2017-10-18 08:16:34,895.0
2017-10-18 09:29:12,799.0
2017-10-18 09:31:35,629.0
2017-10-18 09:57:53,599.9499999999999
2017-10-18 13:54:02,669.9
2017-10-18 23:39:17,599.0
2017-10-19 10:03:05,799.0
2017-10-19 10:40:16,899.99
2017-10-19 10:48:03,575.99
2017-10-19 17:10:35,589.0
2017-10-19 17:23:01,899.0
2017-10-19 20:56:17,580.27
2017-10-19 22:35:48,650.0
2017-10-20 13:33:48,579.0
2017-10-20 14:57:27,1058.0
2017-10-20 14:59:03,699.0
2017-10-20 15:02:08,629.0
2017-10-20 16:29:26,689.0
2017-10-20 21:31:17,610.0
2017-10-21 09:09:48,1479.98
2017-10-21 15:40:00,599.65
2017-10-21 18:59:42,680.0
2017-10-22 17:32:58,1437.0
2017-10-22 17:45:38,578.0
2017-10-22 21:59:28,990.0
2017-10-23 08:59:20,984.95
2017-10-23 12:18:33,799.0
2017-10-23 16:09:25,1437.0
2017-10-23 17:52:05,619.0
2017-10-23 19:00:48,1989.0
2017-10-24 09:32:14,689.0
2017-10-24 11:17:01,705.14
2017-10-24 15:12:34,699.99
2017-10-24 17:26:33,810.0
2017-10-24 18:07:14,599.64
2017-10-24 22:40:56,1437.0
2017-10-25 15:07:24,660.45
2017-10-25 16:54:28,787.96
2017-10-25 21:01:36,599.0
2017-10-26 08:50:37,899.95
2017-10-26 09:31:45,1437.0
2017-10-26 09:49:40,1989.0
2017-10-26 11:05:47,610.0
2017-10-26 14:42:55,669.99
2017-10-26 18:17:30,610.0
2017-10-26 18:35:40,687.0
2017-10-26 21:33:43,721.35
2017-10-26 22:22:54,689.0
2017-10-27 09:51:37,1653.0
2017-10-27 12:48:53,945.0
2017-10-27 13:13:07,728.0
2017-10-27 13:13:53,1340.0
2017-10-27 16:21:02,1437.0
2017-10-27 18:20:37,599.99
2017-10-27 23:57:47,739.0
2017-10-28 10:50:15,599.99
2017-10-28 12:57:36,2399.0
2017-10-28 16:27:50,564.0
2017-10-28 16:36:47,599.65
2017-10-28 19:43:21,1999.0
2017-10-28 20:52:15,1128.0
2017-10-28 21:35:13,599.99
2017-10-29 00:15:35,599.65
2017-10-29 02:18:30,849.99
2017-10-29 03:49:38,1340.0
2017-10-29 16:15:19,567.0
2017-10-29 18:21:41,887.0
2017-10-30 12:10:48,599.99
2017-10-30 14:23:56,599.98
2017-10-30 21:18:49,1437.0
2017-10-30 21:53:24,1360.0
2017-10-30 23:03:42,1199.99
2017-10-31 12:22:03,573.0
2017-10-31 13:58:55,580.27
2017-10-31 16:03:45,935.0
2017-10-31 17:17:33,629.0
2017-10-31 18:50:36,1437.0
2017-10-31 20:13:41,1340.0
2017-10-31 20:32:39,2874.0
2017-11-01 10:43:33,827.4000000000001
2017-11-01 12:01:39,699.99
2017-11-01 13:39:49,1004.99
2017-11-01 14:29:20,610.0
2017-11-01 14:42:57,1340.0
2017-11-01 20:40:05,699.99
2017-11-01 21:31:57,569.9
2017-11-01 22:25:54,749.97
2017-11-01 23:33:26,799.0
2017-11-01 23:43:51,624.75
2017-11-02 09:30:52,599.9
2017-11-02 10:58:20,1437.0
2017-11-02 11:36:12,599.9
2017-11-02 12:04:56,1437.0
2017-11-02 13:11:26,1500.0
2017-11-02 16:15:27,749.8
2017-11-02 21:51:51,599.65
2017-11-03 00:44:46,979.8
2017-11-03 07:58:39,599.9
2017-11-03 09:55:35,935.94
2017-11-03 11:19:21,610.0
2017-11-03 11:25:16,599.9
2017-11-03 12:26:01,1350.0
2017-11-03 12:43:46,1437.0
2017-11-03 16:34:30,578.0
2017-11-03 21:08:33,689.0
2017-11-03 22:16:26,1050.0
2017-11-04 09:09:12,799.99
2017-11-04 09:35:15,1437.0
2017-11-04 10:11:43,599.9
2017-11-04 12:14:16,689.0
2017-11-04 14:51:41,1199.9
2017-11-04 16:29:23,659.7
2017-11-04 17:06:18,799.99
2017-11-04 17:29:15,1559.92
2017-11-05 14:20:02,700.0
2017-11-05 15:08:38,639.0
2017-11-05 15:17:00,598.0
2017-11-05 17:40:04,865.9
2017-11-05 21:01:05,689.0
2017-11-05 22:06:17,599.9
2017-11-06 08:53:06,799.6
2017-11-06 08:57:51,849.0
2017-11-06 09:16:31,629.0
2017-11-06 10:55:03,1199.9
2017-11-06 11:46:04,870.0
2017-11-06 11:53:36,709.9
2017-11-06 14:45:59,769.9
2017-11-06 14:50:40,899.5
2017-11-06 15:07:34,1599.0
2017-11-06 16:54:08,610.0
2017-11-06 20:23:42,759.99
2017-11-07 12:48:35,610.0
2017-11-07 16:54:04,2078.5
2017-11-07 18:05:08,699.0
2017-11-07 20:24:40,914.65
2017-11-07 21:46:04,689.0
2017-11-08 08:45:26,999.0
2017-11-08 16:46:11,599.0
2017-11-08 17:33:56,689.99
2017-11-08 23:19:24,724.5
2017-11-09 11:20:34,1340.0
2017-11-09 12:51:32,689.99
2017-11-09 18:19:28,689.99
2017-11-09 20:29:16,699.99
2017-11-09 22:15:55,1340.0
2017-11-09 23:40:59,713.97
2017-11-10 14:03:51,900.0
2017-11-10 19:05:29,599.99
2017-11-11 13:26:32,990.0
2017-11-11 15:11:29,1390.0
2017-11-11 16:06:53,619.0
2017-11-11 16:54:00,689.0
2017-11-11 18:03:19,990.0
2017-11-11 18:04:29,698.9
2017-11-11 19:12:11,649.9
2017-11-11 20:28:27,689.0
2017-11-11 21:19:34,914.65
2017-11-12 00:43:04,919.99
2017-11-12 09:52:32,862.91
2017-11-12 11:01:37,649.9
2017-11-12 13:33:57,790.0
2017-11-12 13:57:38,982.0
2017-11-12 23:19:39,1599.0
2017-11-13 17:21:06,899.0
2017-11-13 19:47:16,599.8
2017-11-13 20:44:33,719.99
2017-11-14 12:58:20,597.9
2017-11-14 15:39:37,1740.0
2017-11-14 16:57:33,1399.9
2017-11-14 17:07:08,796.0
2017-11-14 21:07:55,1699.0
2017-11-15 01:12:21,629.0
2017-11-15 10:24:49,1038.0
2017-11-16 13:58:07,799.0
2017-11-16 17:02:25,2029.0
2017-11-16 18:34:57,1610.0
2017-11-16 20:47:34,712.5
2017-11-16 22:11:01,724.0
2017-11-17 10:22:53,699.99
2017-11-17 13:15:06,760.0
2017-11-17 15:28:37,639.9
2017-11-17 15:31:37,1999.0
2017-11-17 19:41:02,789.99
2017-11-17 19:42:27,649.9
2017-11-17 19:42:29,1038.0
2017-11-17 19:46:56,702.0
2017-11-17 22:40:22,649.9
2017-11-18 12:08:24,1150.0
2017-11-18 14:27:34,664.4
2017-11-18 16:58:38,649.9
2017-11-18 22:47:09,1299.9
2017-11-19 09:21:27,1106.99
2017-11-19 13:06:40,649.9
2017-11-19 17:38:58,598.5
2017-11-19 20:19:48,689.9
2017-11-20 11:27:51,649.9
2017-11-20 11:44:11,569.0
2017-11-20 11:46:07,2899.0
2017-11-20 11:46:30,684.47
2017-11-20 12:47:48,599.0
2017-11-20 12:48:13,577.99
2017-11-20 12:49:35,748.9
2017-11-20 14:41:25,599.0
2017-11-20 14:49:53,691.96
2017-11-20 16:14:24,1175.0
2017-11-20 18:11:00,858.0
2017-11-20 18:11:05,791.7
2017-11-20 18:53:16,643.91
2017-11-20 21:55:53,1029.99
2017-11-20 22:28:56,2990.0
2017-11-20 22:30:23,750.0
2017-11-20 22:48:11,2199.0
2017-11-21 00:17:44,599.65
2017-11-21 11:11:41,1999.9
2017-11-21 12:32:07,1175.8
2017-11-21 15:11:07,569.9
2017-11-21 16:05:13,749.9
2017-11-21 17:15:10,1199.9
2017-11-21 17:23:04,1093.0
2017-11-21 17:35:26,699.99
2017-11-21 17:50:33,949.9
2017-11-21 22:34:18,1074.38
2017-11-21 22:55:37,699.9
2017-11-22 08:33:09,898.0
2017-11-22 08:41:27,799.0
2017-11-22 15:31:38,599.9
2017-11-22 17:10:38,649.99
2017-11-22 19:44:19,759.9
2017-11-23 11:47:25,1050.0
2017-11-23 12:01:18,1109.0
2017-11-23 12:10:42,759.9
2017-11-23 12:23:33,599.65
2017-11-23 12:38:16,841.5
2017-11-23 14:43:38,618.0
2017-11-23 15:10:22,1045.0
2017-11-23 15:43:00,841.5
2017-11-23 16:10:58,649.0
2017-11-23 20:24:34,699.0
2017-11-23 20:30:52,982.3499999999999
2017-11-23 22:27:55,970.0
2017-11-23 22:35:26,1997.0
2017-11-23 23:22:25,1299.9
2017-11-24 00:18:48,649.0
2017-11-24 00:24:57,610.0
2017-11-24 00:31:58,599.8
2017-11-24 01:09:07,649.0
2017-11-24 01:34:00,2465.0
2017-11-24 01:38:28,659.99
2017-11-24 06:29:43,1400.0
2017-11-24 06:30:08,569.9
2017-11-24 10:23:27,589.0
2017-11-24 10:38:26,1699.99
2017-11-24 10:59:57,949.9
2017-11-24 11:03:35,5934.6
2017-11-24 11:23:38,1650.8
2017-11-24 12:27:36,668.0
2017-11-24 12:40:26,584.0
2017-11-24 12:58:54,679.12
2017-11-24 13:10:02,714.3
2017-11-24 13:19:53,899.0
2017-11-24 14:35:10,599.0
2017-11-24 14:44:13,1149.65
2017-11-24 15:08:20,779.99
2017-11-24 16:37:53,649.9
2017-11-24 16:56:46,719.4
2017-11-24 18:28:18,599.9
2017-11-24 18:41:54,599.9
2017-11-24 19:09:02,739.9
2017-11-24 21:44:07,599.0
2017-11-24 22:07:03,687.0
2017-11-24 22:07:05,998.0
2017-11-24 22:19:09,599.0
2017-11-24 22:57:06,699.0
2017-11-24 23:22:56,610.0
2017-11-24 23:44:45,650.0
2017-11-24 23:59:24,935.0
2017-11-25 00:23:14,578.0
2017-11-25 04:02:51,2399.0
2017-11-25 11:39:25,599.65
2017-11-25 12:14:42,635.38
2017-11-25 13:47:05,1141.0
2017-11-25 14:25:29,599.65
2017-11-25 14:29:06,679.0
2017-11-25 14:46:39,589.0
2017-11-25 15:48:04,1150.0
2017-11-25 16:00:20,758.36
2017-11-25 17:47:15,1250.0
2017-11-25 20:34:42,699.0
2017-11-26 15:16:48,719.98
2017-11-26 17:34:14,699.0
2017-11-26 19:03:02,599.39
2017-11-26 19:46:39,598.4
2017-11-26 20:13:08,1458.0
2017-11-26 22:58:55,831.0
2017-11-27 00:25:10,2700.0
2017-11-27 13:29:05,569.0
2017-11-27 14:53:08,699.0
2017-11-27 20:01:56,750.0
2017-11-27 22:53:18,571.2
2017-11-28 01:20:00,1999.0
2017-11-28 09:34:06,1050.0
2017-11-28 09:37:49,589.0
2017-11-28 10:27:09,679.96
2017-11-28 11:16:46,1099.99
2017-11-28 12:00:43,698.8
2017-11-28 12:01:21,700.0
2017-11-28 14:06:10,1011.86
2017-11-28 22:24:18,1099.7
2017-11-28 22:50:22,597.9
2017-11-29 10:04:30,724.0
2017-11-29 11:03:40,643.4
2017-11-29 11:36:20,712.5
2017-11-29 12:25:00,1259.0
2017-11-29 13:49:23,1098.0
2017-11-29 16:18:54,699.99
2017-11-30 09:20:13,1199.0
2017-11-30 19:58:04,2400.0
2017-11-30 22:17:14,599.0
2017-12-01 01:39:26,1400.0
2017-12-01 10:20:48,639.99
2017-12-01 10:39:13,569.9
2017-12-01 11:15:02,580.27
2017-12-01 12:39:48,692.0
2017-12-01 12:45:19,623.0
2017-12-01 13:06:50,618.9
2017-12-01 13:08:09,623.99
2017-12-01 14:09:20,1599.0
2017-12-01 14:51:05,1050.0
2017-12-01 22:25:12,899.0
2017-12-01 23:36:54,928.86
2017-12-02 06:32:02,699.0
2017-12-02 09:53:13,599.0
2017-12-02 18:26:35,2700.0
2017-12-02 19:55:21,899.9
2017-12-02 20:54:12,1399.9
2017-12-02 21:43:51,1099.9
2017-12-03 11:32:32,719.7
2017-12-03 15:57:22,1058.0
2017-12-03 16:06:11,1058.0
2017-12-03 21:41:56,569.7
2017-12-04 09:27:20,1399.5
2017-12-04 10:15:06,859.9
2017-12-04 13:36:59,799.9
2017-12-04 14:25:44,799.99
2017-12-04 17:00:18,799.99
2017-12-04 17:06:08,1299.9
2017-12-04 17:48:47,699.0
2017-12-04 22:28:27,1375.65
2017-12-04 23:48:45,599.0
2017-12-05 03:44:02,619.0
2017-12-05 11:14:58,968.0
2017-12-05 15:01:00,899.0
2017-12-05 23:32:19,618.0
2017-12-06 01:49:07,589.0
2017-12-06 09:00:51,998.0
2017-12-06 10:36:19,609.5
2017-12-06 12:33:21,569.8
2017-12-06 13:05:13,650.0
2017-12-06 13:56:13,1098.0
2017-12-06 15:13:54,699.0
2017-12-06 16:07:55,599.0
2017-12-06 19:26:02,599.0
2017-12-06 19:32:40,950.0
2017-12-06 21:38:12,1017.0
2017-12-06 22:34:32,618.0
2017-12-07 09:08:59,599.0
2017-12-07 11:32:37,745.0
2017-12-07 17:27:48,579.7
2017-12-07 20:48:38,1797.0
2017-12-08 09:52:48,599.65
2017-12-08 10:49:38,1149.65
2017-12-08 13:25:28,609.0
2017-12-08 16:55:10,949.9
2017-12-09 07:28:36,599.9
2017-12-09 09:02:05,689.0
2017-12-09 11:09:08,1045.0
2017-12-09 13:51:24,590.0
2017-12-09 20:37:58,999.99
2017-12-09 22:15:11,950.0
2017-12-10 11:22:29,649.0
2017-12-10 12:17:23,599.0
2017-12-10 13:13:24,687.0
2017-12-10 18:19:11,1999.9
2017-12-10 22:51:43,1319.9
2017-12-11 11:18:46,1164.9
2017-12-11 19:17:49,683.38
2017-12-11 19:39:39,1009.0
2017-12-11 20:45:53,599.0
2017-12-12 10:52:09,575.9
2017-12-12 11:30:04,1340.0
2017-12-12 15:24:31,599.8
2017-12-12 21:06:16,619.0
2017-12-12 21:33:36,1698.99
2017-12-12 22:28:42,599.65
2017-12-13 14:21:15,826.0
2017-12-13 14:45:31,699.99
2017-12-13 17:35:27,998.0
2017-12-14 16:50:47,998.0
2017-12-14 18:34:09,1125.9
2017-12-14 19:01:32,659.0
2017-12-14 20:46:27,714.0
2017-12-15 12:15:53,1749.99
2017-12-15 13:43:13,2680.0
2017-12-15 18:51:54,1360.0
2017-12-15 18:57:33,887.0
2017-12-16 01:04:58,599.0
2017-12-16 09:01:56,829.99
2017-12-16 16:04:59,1199.9
2017-12-16 19:41:46,1198.0
2017-12-16 20:23:23,1340.0
2017-12-16 21:21:54,799.0
2017-12-17 09:15:37,3124.0
2017-12-17 16:22:31,599.0
2017-12-17 17:22:11,599.9
2017-12-17 18:21:41,629.99
2017-12-17 22:17:26,1199.0
2017-12-18 09:12:41,625.6
2017-12-18 11:09:29,599.0
2017-12-18 12:10:47,1899.0
2017-12-18 16:18:06,1009.0
2017-12-19 09:06:37,712.5
2017-12-19 15:31:50,621.91
2017-12-20 10:08:37,589.99
2017-12-20 12:01:34,687.0
2017-12-20 14:52:29,597.0
2017-12-20 15:36:44,820.0
2017-12-20 17:11:41,1009.0
2017-12-20 19:29:21,599.0
2017-12-20 19:40:54,1288.72
2017-12-20 20:51:14,1499.9
2017-12-20 23:22:55,1599.0
2017-12-21 09:44:39,619.0
2017-12-21 15:18:29,2649.99
2017-12-22 09:06:20,619.0
2017-12-22 10:27:10,669.9
2017-12-22 13:43:54,2199.0
2017-12-22 18:18:49,699.5
2017-12-23 14:11:57,599.0
2017-12-23 14:48:05,598.99
2017-12-23 19:36:37,659.0
2017-12-23 20:30:45,597.9
2017-12-25 22:52:14,1350.0
2017-12-26 09:43:05,599.0
2017-12-26 11:36:12,598.99
2017-12-26 11:50:49,599.0
2017-12-26 14:45:54,599.0
2017-12-26 18:37:30,1384.0
2017-12-26 19:14:47,597.9
2017-12-26 23:32:04,597.9
2017-12-27 13:04:55,1326.0
2017-12-27 15:57:31,674.7
2017-12-28 14:45:48,599.0
2017-12-28 16:34:07,599.0
2017-12-29 13:11:06,747.0
2017-12-29 13:26:10,599.0
2017-12-29 22:17:42,1650.0
2017-12-30 10:29:21,670.0
2017-12-30 15:18:30,598.99
2017-12-30 18:59:05,1399.99
2017-12-31 09:39:58,585.65
2017-12-31 12:28:54,899.9
2017-12-31 17:57:21,599.0
2018-01-02 11:07:23,1358.24
2018-01-02 11:36:41,819.89
2018-01-02 16:22:15,599.0
2018-01-02 16:22:19,809.0
2018-01-02 19:00:43,1299.0
2018-01-02 20:21:06,774.9
2018-01-03 10:50:21,599.0
2018-01-03 11:37:39,599.99
2018-01-03 13:15:09,1009.0
2018-01-03 17:20:23,1098.0
2018-01-03 17:24:21,1380.0
2018-01-03 19:12:28,629.9
2018-01-03 20:51:51,639.92
2018-01-03 21:07:26,580.27
2018-01-03 21:39:45,639.0
2018-01-04 11:22:53,579.0
2018-01-04 12:03:56,599.9
2018-01-04 12:32:11,599.0
2018-01-04 16:46:11,1330.0
2018-01-04 17:36:33,889.9
2018-01-04 18:57:49,899.9
2018-01-04 19:07:29,1054.0
2018-01-04 19:59:45,829.0
2018-01-04 22:57:13,670.0
2018-01-05 14:56:40,797.59
2018-01-05 18:12:09,599.0
2018-01-05 19:35:36,759.99
2018-01-06 09:45:08,1375.0
2018-01-06 09:54:49,858.0
2018-01-06 12:43:29,589.0
2018-01-06 14:07:26,899.0
2018-01-06 16:00:58,599.0
2018-01-06 17:50:14,624.7
2018-01-06 20:12:15,619.9
2018-01-07 01:19:47,799.0
2018-01-07 08:04:11,759.05
2018-01-07 10:18:32,599.0
2018-01-07 13:50:17,2110.0
2018-01-07 16:56:57,897.0
2018-01-07 18:47:26,779.98
2018-01-07 21:44:54,659.8
2018-01-07 22:41:05,1850.0
2018-01-07 23:08:30,810.0
2018-01-08 08:30:28,700.0
2018-01-08 11:39:05,762.0
2018-01-08 12:49:06,949.9
2018-01-08 14:16:01,606.0
2018-01-08 14:23:33,1350.0
2018-01-08 15:00:35,1250.0
2018-01-08 18:20:33,949.9
2018-01-08 19:22:48,887.0
2018-01-08 20:09:02,1009.0
2018-01-08 22:24:47,779.9
2018-01-09 00:33:27,599.0
2018-01-09 11:53:29,1105.0
2018-01-09 12:04:32,599.9
2018-01-09 12:13:00,599.0
2018-01-09 13:30:33,597.9
2018-01-09 14:58:45,647.91
2018-01-09 18:30:27,697.81
2018-01-09 18:56:38,867.0
2018-01-10 00:28:24,725.0
2018-01-10 10:04:46,998.9
2018-01-10 10:37:04,705.14
2018-01-10 10:50:11,1046.38
2018-01-10 11:38:12,1199.9
2018-01-10 13:10:09,1554.0
2018-01-10 14:16:10,1098.9
2018-01-10 15:54:50,654.0
2018-01-10 18:29:18,895.0
2018-01-10 18:54:16,934.94
2018-01-11 07:36:59,749.5
2018-01-11 10:03:39,1296.0
2018-01-11 11:16:49,756.88
2018-01-11 12:06:58,848.0
2018-01-11 14:46:52,599.65
2018-01-11 15:17:23,858.9
2018-01-11 16:05:23,1107.98
2018-01-11 16:39:37,998.0
2018-01-11 17:49:13,1098.0
2018-01-11 20:50:15,1997.0
2018-01-11 21:41:57,649.65
2018-01-11 21:42:30,1599.0
2018-01-11 22:10:06,599.0
2018-01-12 00:49:36,579.99
2018-01-12 06:56:37,799.9
2018-01-12 09:15:42,623.0
2018-01-12 09:40:31,599.0
2018-01-12 10:59:33,735.8
2018-01-12 12:22:33,689.0
2018-01-12 14:02:00,799.0
2018-01-12 14:52:12,1767.8
2018-01-12 15:48:25,649.9
2018-01-13 14:59:32,668.0
2018-01-13 15:24:28,686.21
2018-01-13 19:18:48,1599.0
2018-01-13 19:36:00,668.0
2018-01-13 20:42:27,579.8
2018-01-14 09:39:51,668.0
2018-01-14 12:23:16,679.0
2018-01-14 12:31:15,958.0
2018-01-14 12:57:25,1599.0
2018-01-14 13:31:03,807.3000000000001
2018-01-14 17:18:57,699.9
2018-01-14 19:56:58,579.0
2018-01-14 21:42:46,899.0
2018-01-15 09:23:35,816.9
2018-01-15 09:33:37,816.9
2018-01-15 12:57:40,699.0
2018-01-15 13:33:36,688.0
2018-01-15 14:03:31,629.9
2018-01-15 15:09:13,1014.0
2018-01-15 16:20:49,1119.9
2018-01-15 19:13:14,693.0
2018-01-15 19:26:18,670.0
2018-01-16 09:15:25,999.0
2018-01-16 10:12:36,1997.0
2018-01-16 11:21:08,627.71
2018-01-16 13:16:39,619.0
2018-01-16 15:07:24,569.0
2018-01-16 15:47:41,933.3
2018-01-16 16:16:17,770.0
2018-01-16 16:56:35,564.6
2018-01-16 18:05:23,745.0
2018-01-16 20:18:10,1599.0
2018-01-16 20:27:37,1395.0
2018-01-16 20:46:20,689.89
2018-01-17 09:42:34,1399.99
2018-01-17 10:22:35,686.21
2018-01-17 10:45:34,599.0
2018-01-17 12:12:11,887.0
2018-01-17 12:43:08,597.9
2018-01-17 14:02:36,899.0
2018-01-17 14:24:58,668.0
2018-01-17 14:35:51,1245.99
2018-01-17 17:37:39,1199.0
2018-01-18 10:01:14,668.0
2018-01-18 12:48:10,980.9
2018-01-18 15:56:03,626.0
2018-01-18 17:13:29,669.0
2018-01-18 22:26:34,1290.0
2018-01-19 13:38:51,899.0
2018-01-19 15:18:41,1599.0
2018-01-19 16:58:07,858.9
2018-01-19 16:59:25,689.89
2018-01-20 14:54:38,759.0
2018-01-20 20:00:12,778.89
2018-01-20 21:38:05,699.0
2018-01-21 15:52:24,1069.36
2018-01-21 19:44:46,1599.0
2018-01-21 19:53:17,818.9
2018-01-22 13:00:01,949.99
2018-01-22 13:20:56,599.7
2018-01-22 17:44:32,1390.0
2018-01-22 18:56:35,655.0
2018-01-22 22:38:55,1750.0
2018-01-22 23:37:23,719.8
2018-01-23 00:55:19,679.0
2018-01-23 07:29:20,568.9
2018-01-23 10:02:58,1299.65
2018-01-23 10:24:15,798.0
2018-01-23 10:25:39,599.9
2018-01-23 13:57:55,637.9
2018-01-23 21:47:21,598.0
2018-01-23 22:34:33,1269.0
2018-01-24 00:23:02,1849.9
2018-01-24 12:13:16,597.9
2018-01-24 12:33:57,831.8
2018-01-24 16:45:34,2029.0
2018-01-24 20:07:10,579.0
2018-01-25 11:17:02,1299.0
2018-01-25 15:32:49,799.6
2018-01-25 16:16:42,739.8
2018-01-25 21:51:21,669.0
2018-01-25 23:24:56,1089.0
2018-01-26 09:44:30,800.0
2018-01-26 11:16:02,1688.0
2018-01-26 13:32:22,1695.0
2018-01-26 14:30:21,3690.0
2018-01-26 20:29:16,597.89
2018-01-26 23:07:13,634.4
2018-01-27 16:50:21,790.0
2018-01-27 19:13:48,799.0
2018-01-27 20:14:42,579.0
2018-01-27 20:49:20,1099.0
2018-01-27 21:05:52,1149.65
2018-01-28 13:03:25,1019.0
2018-01-28 14:21:58,949.99
2018-01-28 15:55:56,1054.0
2018-01-28 18:08:56,980.9
2018-01-28 18:34:40,598.99
2018-01-28 19:47:37,579.0
2018-01-28 19:48:44,1997.0
2018-01-28 19:49:15,564.7
2018-01-29 12:27:32,899.0
2018-01-29 17:53:49,670.0
2018-01-29 22:13:45,597.89
2018-01-29 22:29:52,578.0
2018-01-30 01:28:15,655.0
2018-01-30 12:50:09,1561.0
2018-01-30 16:10:05,1116.0
2018-01-30 22:36:41,848.9
2018-01-31 00:08:55,679.0
2018-01-31 08:51:08,1100.0
2018-01-31 13:33:56,712.5
2018-01-31 15:24:27,569.0
2018-01-31 15:55:32,848.9
2018-01-31 19:20:31,848.9
2018-01-31 20:45:16,880.0
2018-01-31 23:14:15,619.0
2018-02-01 11:06:24,888.9
2018-02-01 14:15:08,1199.65
2018-02-01 18:09:49,598.99
2018-02-01 18:32:02,1361.89
2018-02-01 20:28:14,689.89
2018-02-01 21:08:53,589.0
2018-02-01 22:01:32,798.0
2018-02-01 23:18:06,899.0
2018-02-02 09:32:53,1320.0
2018-02-02 11:45:07,806.97
2018-02-02 12:07:04,649.5
2018-02-02 14:29:22,779.89
2018-02-02 14:50:36,859.96
2018-02-02 14:51:38,728.0
2018-02-02 16:10:49,1054.0
2018-02-02 16:37:27,619.65
2018-02-02 16:45:13,779.89
2018-02-02 18:33:43,599.0
2018-02-03 00:51:00,741.82
2018-02-03 00:55:53,619.0
2018-02-03 14:07:04,1658.83
2018-02-03 15:48:24,659.99
2018-02-03 16:34:29,655.0
2018-02-04 17:12:36,748.0
2018-02-04 20:39:14,772.2
2018-02-05 10:21:07,1561.0
2018-02-05 13:08:49,857.77
2018-02-05 15:05:48,827.89
2018-02-05 16:28:54,1399.0
2018-02-05 19:15:27,999.0
2018-02-05 20:07:17,899.0
2018-02-05 20:43:03,1561.0
2018-02-06 09:14:44,679.0
2018-02-06 09:51:00,699.0
2018-02-06 15:08:30,578.91
2018-02-06 15:18:57,758.0
2018-02-06 15:50:36,759.6
2018-02-06 18:21:30,790.0
2018-02-07 11:32:09,899.94
2018-02-07 15:13:46,940.5
2018-02-07 19:34:43,623.0
2018-02-07 22:43:12,1149.0
2018-02-07 22:45:13,1199.0
2018-02-08 08:53:50,669.99
2018-02-08 13:54:12,780.0
2018-02-08 16:10:45,689.89
2018-02-08 16:51:09,689.89
2018-02-08 23:06:53,655.0
2018-02-08 23:47:44,740.99
2018-02-09 01:05:22,569.0
2018-02-09 06:55:30,689.89
2018-02-09 09:48:04,1780.0
2018-02-09 14:43:53,3099.9
2018-02-09 15:41:23,750.0
2018-02-09 18:55:54,750.0
2018-02-10 10:59:03,1199.0
2018-02-10 13:46:58,858.9
2018-02-10 18:08:28,609.0
2018-02-11 09:47:36,1790.0
2018-02-11 14:23:55,3300.0
2018-02-11 18:25:29,799.9
2018-02-12 11:35:27,655.0
2018-02-12 17:14:14,599.0
2018-02-12 20:38:45,618.0
2018-02-12 21:18:43,955.0
2018-02-12 23:27:44,701.4000000000001
2018-02-14 11:42:55,779.8
2018-02-14 11:43:52,689.89
2018-02-14 13:11:45,857.77
2018-02-14 16:34:27,824.0
2018-02-14 23:23:43,747.0
2018-02-15 10:03:48,611.0
2018-02-15 14:05:35,599.65
2018-02-15 17:13:52,699.9
2018-02-15 17:38:00,780.0
2018-02-15 19:33:06,599.65
2018-02-15 20:03:40,1149.65
2018-02-16 13:56:28,1596.0
2018-02-16 14:52:20,979.0
2018-02-16 18:45:53,649.0
2018-02-16 20:00:03,599.65
2018-02-17 01:25:38,600.0
2018-02-17 12:44:07,590.0
2018-02-17 13:33:18,1055.9
2018-02-17 15:57:48,750.0
2018-02-17 18:33:00,600.0
2018-02-17 21:17:51,580.27
2018-02-18 12:39:45,879.8
2018-02-18 15:56:51,618.0
2018-02-18 18:26:06,1688.0
2018-02-18 20:09:41,879.99
2018-02-18 21:05:38,699.99
2018-02-19 09:20:11,615.52
2018-02-19 09:23:33,929.9
2018-02-20 07:44:11,1501.5
2018-02-20 08:44:22,590.0
2018-02-20 10:57:34,676.99
2018-02-20 13:10:09,649.0
2018-02-20 13:39:03,724.0
2018-02-20 23:12:20,599.65
2018-02-20 23:13:24,561.9
2018-02-21 08:52:11,659.0
2018-02-21 09:19:28,598.0
2018-02-21 10:18:23,838.0
2018-02-21 11:30:10,1155.0
2018-02-21 14:12:18,1350.0
2018-02-21 16:52:08,599.34
2018-02-21 17:23:29,699.0
2018-02-21 20:36:22,598.99
2018-02-21 22:22:48,1054.0
2018-02-22 15:12:28,878.0
2018-02-22 15:30:41,2000.0
2018-02-22 17:20:43,1265.89
2018-02-22 20:16:43,1399.99
2018-02-22 22:46:00,598.9
2018-02-23 08:12:18,689.89
2018-02-23 09:39:36,759.9
2018-02-23 11:30:35,689.89
2018-02-23 12:04:01,699.0
2018-02-23 15:44:22,699.0
2018-02-23 22:27:17,585.0
2018-02-24 14:09:15,700.0
2018-02-24 14:59:06,1314.99
2018-02-24 16:03:38,690.0
2018-02-25 00:23:10,609.0
2018-02-25 09:16:50,612.91
2018-02-25 09:21:24,689.89
2018-02-25 12:15:02,1380.0
2018-02-26 09:14:31,1499.99
2018-02-26 09:34:23,1899.05
2018-02-26 11:58:39,733.95
2018-02-26 16:09:56,700.0
2018-02-26 19:21:16,750.0
2018-02-26 19:24:25,1102.39
2018-02-26 20:27:00,1055.9
2018-02-26 21:13:22,1699.99
2018-02-26 21:32:42,598.98
2018-02-27 12:21:57,899.64
2018-02-27 14:33:18,1168.0
2018-02-27 16:23:56,584.4
2018-02-27 16:42:09,571.2
2018-02-27 19:14:20,2288.0
2018-02-28 00:13:49,586.4
2018-02-28 07:37:29,738.0
2018-02-28 09:36:33,669.0
2018-02-28 11:29:07,763.9
2018-02-28 12:15:43,999.9
2018-02-28 15:56:02,599.0
2018-02-28 16:44:48,1200.0
2018-02-28 16:47:08,749.7
2018-02-28 17:14:55,759.9
2018-02-28 19:22:52,649.0
2018-02-28 19:55:39,1049.0
2018-02-28 20:01:51,887.0
2018-02-28 22:20:53,1299.9
2018-03-01 10:18:57,799.0
2018-03-01 13:56:30,689.89
2018-03-01 17:15:24,1060.0
2018-03-01 17:29:35,999.0
2018-03-01 18:07:51,1995.0
2018-03-01 18:52:36,750.0
2018-03-01 21:21:22,999.0
2018-03-01 22:29:46,699.0
2018-03-02 15:52:48,599.9
2018-03-02 20:52:50,949.0
2018-03-03 00:10:35,599.0
2018-03-03 10:08:51,914.65
2018-03-03 12:29:04,799.0
2018-03-03 21:52:44,1186.0
2018-03-04 07:43:06,999.0
2018-03-04 12:44:36,629.9
2018-03-04 14:40:34,699.99
2018-03-04 15:02:39,579.8
2018-03-04 21:08:19,1999.9
2018-03-04 21:38:45,916.0
2018-03-04 23:57:11,1099.0
2018-03-05 08:49:17,1635.0
2018-03-05 10:52:50,647.0
2018-03-05 12:45:19,699.0
2018-03-05 12:56:33,1319.4
2018-03-05 14:31:20,600.0
2018-03-05 16:15:17,589.0
2018-03-05 18:15:23,599.0
2018-03-05 18:32:23,1054.0
2018-03-05 22:00:55,599.0
2018-03-05 22:26:48,709.9
2018-03-06 09:06:58,1520.0
2018-03-06 09:17:21,699.9
2018-03-06 11:42:16,599.0
2018-03-06 13:43:08,589.0
2018-03-06 13:56:19,589.0
2018-03-06 15:43:28,669.0
2018-03-06 16:05:42,718.9
2018-03-06 19:35:08,634.4
2018-03-06 20:20:40,589.0
2018-03-07 09:44:27,809.91
2018-03-07 14:09:27,599.9
2018-03-07 15:08:14,569.0
2018-03-07 16:32:41,599.8
2018-03-07 16:36:45,599.0
2018-03-07 16:44:38,1359.9
2018-03-07 16:51:09,1005.63
2018-03-07 17:20:39,964.85
2018-03-07 18:11:54,1449.0
2018-03-08 00:33:49,1139.9
2018-03-08 19:06:08,840.0
2018-03-08 19:49:33,999.0
2018-03-09 00:37:23,1599.0
2018-03-09 08:23:05,898.0
2018-03-09 17:09:12,1199.9
2018-03-09 17:45:08,950.0
2018-03-09 19:08:29,749.9
2018-03-09 20:44:22,899.0
2018-03-09 22:32:57,579.0
2018-03-10 10:53:51,773.5
2018-03-10 15:06:18,679.0
2018-03-10 22:25:00,589.0
2018-03-11 08:49:47,899.99
2018-03-11 10:27:45,1489.0
2018-03-11 13:05:57,989.0
2018-03-11 16:30:56,1775.78
2018-03-11 17:09:55,849.5
2018-03-11 17:27:22,629.0
2018-03-11 18:35:58,574.0
2018-03-11 19:07:43,672.22
2018-03-11 20:25:23,1648.0
2018-03-12 09:49:18,816.0
2018-03-12 22:25:18,569.0
2018-03-12 23:16:34,1199.0
2018-03-13 06:48:39,570.0
2018-03-13 09:52:21,999.0
2018-03-13 12:30:59,1199.0
2018-03-13 13:15:16,579.0
2018-03-13 13:58:19,570.0
2018-03-13 15:57:07,579.0
2018-03-13 20:24:58,720.0
2018-03-13 20:37:20,599.8
2018-03-13 21:56:58,790.0
2018-03-13 23:17:04,589.0
2018-03-13 23:34:01,1350.0
2018-03-13 23:37:18,998.0
2018-03-14 09:09:21,858.0
2018-03-14 10:12:48,829.0
2018-03-14 15:24:06,829.0
2018-03-15 11:39:51,750.0
2018-03-15 11:48:50,998.0
2018-03-15 11:54:21,894.0
2018-03-15 14:49:22,637.3
2018-03-15 15:43:31,977.98
2018-03-15 15:58:43,999.99
2018-03-15 16:04:46,649.9
2018-03-15 16:33:01,867.77
2018-03-15 16:56:41,2433.6
2018-03-15 18:37:12,867.77
2018-03-15 19:56:54,1700.0
2018-03-15 22:07:54,1390.0
2018-03-15 23:18:16,949.9
2018-03-16 01:47:19,688.0
2018-03-16 08:32:30,640.0
2018-03-16 12:03:48,968.8
2018-03-16 15:23:18,949.9
2018-03-16 16:49:16,799.9
2018-03-16 18:05:28,1199.0
2018-03-16 19:36:22,570.0
2018-03-17 15:48:01,1367.7
2018-03-18 10:07:36,1235.99
2018-03-18 12:50:26,914.0
2018-03-18 14:08:48,2899.0
2018-03-18 15:59:22,580.27
2018-03-18 21:50:07,759.9
2018-03-18 22:23:16,698.0
2018-03-19 00:03:41,914.65
2018-03-19 13:00:04,989.0
2018-03-19 13:02:51,589.0
2018-03-19 13:20:23,989.0
2018-03-19 14:01:34,1649.89
2018-03-19 14:06:14,949.9
2018-03-19 14:08:49,989.0
2018-03-19 14:33:11,989.0
2018-03-19 17:18:34,778.0
2018-03-19 18:58:49,1161.0
2018-03-19 22:45:32,599.9
2018-03-19 22:58:15,590.0
2018-03-20 11:31:41,629.8
2018-03-20 13:07:50,1054.0
2018-03-20 13:32:57,750.0
2018-03-20 15:31:04,680.0
2018-03-20 18:09:48,1200.0
2018-03-21 11:22:50,1510.0
2018-03-21 14:29:14,1699.0
2018-03-21 14:55:23,989.0
2018-03-21 15:05:19,674.9
2018-03-21 15:06:34,3700.0
2018-03-21 15:11:48,989.0
2018-03-21 18:49:06,1054.0
2018-03-21 21:14:29,987.0
2018-03-21 21:34:07,590.0
2018-03-22 15:05:46,699.9
2018-03-22 15:32:20,1298.99
2018-03-22 16:08:37,940.5
2018-03-22 22:13:22,859.99
2018-03-23 09:55:18,688.0
2018-03-23 10:44:18,999.8
2018-03-23 11:14:04,987.0
2018-03-23 14:43:35,799.9
2018-03-23 19:11:32,599.9
2018-03-23 19:39:46,1735.54
2018-03-23 22:04:37,1149.65
2018-03-24 09:51:30,987.0
2018-03-24 10:00:48,799.9
2018-03-24 13:40:27,1299.0
2018-03-24 19:27:39,987.0
2018-03-24 20:43:24,1299.0
2018-03-25 15:54:40,989.0
2018-03-25 16:55:38,590.0
2018-03-25 18:44:43,1399.0
2018-03-25 20:32:13,987.0
2018-03-25 21:22:34,987.0
2018-03-26 08:31:15,1199.6999999999998
2018-03-26 15:02:49,836.99
2018-03-26 17:56:18,987.0
2018-03-26 20:56:47,799.9
2018-03-26 22:18:49,598.0
2018-03-27 13:42:05,987.0
2018-03-27 14:29:03,685.4
2018-03-27 16:50:06,1099.0
2018-03-27 17:19:28,907.8199999999999
2018-03-27 18:17:48,568.0
2018-03-27 20:39:09,649.99
2018-03-27 21:39:27,568.0
2018-03-27 22:03:44,987.0
2018-03-27 23:53:33,695.0
2018-03-28 00:12:02,899.0
2018-03-28 07:34:42,579.0
2018-03-28 08:03:14,1107.36
2018-03-28 11:08:14,987.0
2018-03-28 13:01:27,739.0
2018-03-28 19:38:35,899.0
2018-03-28 21:25:36,1775.9
2018-03-29 10:31:29,4099.99
2018-03-29 11:04:21,1799.0
2018-03-29 15:07:29,999.0
2018-03-29 17:45:05,899.0
2018-03-30 07:19:16,649.9
2018-03-30 09:27:22,750.0
2018-03-30 11:00:34,699.0
2018-03-30 18:55:43,1595.0
2018-03-30 20:19:11,569.99
2018-03-30 20:42:09,969.0
2018-03-31 09:33:13,899.0
2018-03-31 11:25:53,938.0
2018-03-31 12:45:36,579.0
2018-03-31 13:11:25,637.3
2018-03-31 16:31:09,572.9
2018-03-31 19:17:03,572.9
2018-03-31 20:23:22,1895.0
2018-03-31 21:04:40,1224.99
2018-04-01 12:30:49,690.0
2018-04-01 14:57:38,643.92
2018-04-01 18:27:01,1099.0
2018-04-01 18:46:05,799.0
2018-04-01 19:42:09,987.0
2018-04-01 20:08:02,599.9
2018-04-01 22:07:00,1561.0
2018-04-02 09:09:45,584.9499999999999
2018-04-02 09:29:24,995.0
2018-04-02 10:44:37,659.8
2018-04-02 10:57:50,1514.0
2018-04-02 12:22:06,859.66
2018-04-02 20:55:25,699.0
2018-04-02 22:30:35,1199.0
2018-04-03 00:05:04,1914.58
2018-04-03 09:43:42,579.99
2018-04-03 10:18:33,1648.0
2018-04-03 11:35:18,1670.0
2018-04-03 12:06:28,934.0
2018-04-03 13:22:38,729.2
2018-04-03 18:44:13,700.0
2018-04-04 00:05:48,2110.0
2018-04-04 00:33:47,599.0
2018-04-04 08:17:28,798.0
2018-04-04 10:55:59,2110.0
2018-04-04 14:09:12,699.0
2018-04-04 14:15:00,922.7
2018-04-04 14:36:46,832.4100000000001
2018-04-04 16:58:30,1198.0
2018-04-04 18:31:09,564.99
2018-04-04 20:17:01,699.4
2018-04-04 22:14:05,569.0
2018-04-05 11:16:09,676.0
2018-04-05 11:41:17,579.0
2018-04-05 12:17:27,799.9
2018-04-05 15:59:54,600.0
2018-04-05 18:54:25,959.0
2018-04-05 20:12:22,699.0
2018-04-05 21:00:26,723.9
2018-04-05 22:21:10,2799.65
2018-04-06 09:35:07,1100.0
2018-04-06 14:14:21,2200.0
2018-04-06 15:01:45,579.0
2018-04-06 16:21:10,1999.0
2018-04-06 16:47:38,639.99
2018-04-06 17:20:33,1050.0
2018-04-06 23:50:19,1183.99
2018-04-07 13:42:38,1299.0
2018-04-07 14:48:30,589.0
2018-04-07 15:07:13,1890.0
2018-04-07 17:15:59,579.99
2018-04-07 17:28:00,758.73
2018-04-07 20:03:59,1880.0
2018-04-07 21:51:17,599.8
2018-04-07 23:44:38,1106.99
2018-04-08 01:21:20,790.0
2018-04-08 07:57:38,570.0
2018-04-08 09:17:01,737.99
2018-04-08 19:22:37,1106.99
2018-04-08 19:57:09,719.0
2018-04-08 22:50:52,1085.99
2018-04-09 09:02:59,1699.0
2018-04-09 09:45:09,598.8
2018-04-09 11:03:05,795.95
2018-04-09 11:32:37,3399.99
2018-04-09 11:51:46,634.4
2018-04-09 13:17:12,1106.99
2018-04-09 14:19:27,889.0
2018-04-09 16:18:48,680.0
2018-04-09 16:57:00,597.0
2018-04-09 19:50:21,1780.0
2018-04-09 20:05:38,1106.99
2018-04-09 20:52:13,1797.0
2018-04-09 21:35:35,1190.0
2018-04-09 21:48:58,836.99
2018-04-09 22:37:43,1999.0
2018-04-09 22:58:05,2108.0
2018-04-10 07:36:20,579.0
2018-04-10 08:11:52,776.0
2018-04-10 12:08:02,889.0
2018-04-10 14:22:03,1298.9
2018-04-10 18:42:25,599.0
2018-04-10 19:02:15,1890.0
2018-04-10 20:24:58,750.0
2018-04-11 00:34:32,688.0
2018-04-11 00:49:23,599.0
2018-04-11 07:38:12,599.9
2018-04-11 10:45:26,690.0
2018-04-11 10:46:53,586.56
2018-04-11 10:47:52,2070.0
2018-04-11 10:48:14,1158.9
2018-04-11 11:08:07,639.9
2018-04-11 11:59:18,738.0
2018-04-11 12:34:56,915.0
2018-04-11 17:57:53,569.0
2018-04-11 18:23:36,626.0
2018-04-11 22:40:53,599.7
2018-04-11 23:24:24,839.99
2018-04-12 00:38:04,699.4
2018-04-12 04:58:12,898.0
2018-04-12 09:58:06,899.0
2018-04-12 10:34:37,1499.0
2018-04-12 18:20:05,1449.0
2018-04-12 19:18:18,1455.0
2018-04-13 00:17:20,1106.99
2018-04-13 08:15:49,1198.0
2018-04-13 17:11:33,697.9
2018-04-13 17:38:31,999.9
2018-04-13 18:37:38,1149.65
2018-04-13 20:36:16,1244.0
2018-04-14 16:11:37,799.95
2018-04-14 16:56:29,599.0
2018-04-14 18:14:42,1458.99
2018-04-14 20:33:35,579.9
2018-04-15 08:25:08,1359.9
2018-04-15 10:17:36,699.0
2018-04-15 17:02:51,599.9
2018-04-15 18:08:36,1054.0
2018-04-15 20:06:25,599.0
2018-04-15 21:41:23,849.99
2018-04-15 21:43:52,990.0
2018-04-16 11:47:05,614.99
2018-04-16 14:57:21,979.0
2018-04-16 15:00:38,1149.65
2018-04-16 15:12:57,948.0
2018-04-16 17:26:59,820.0
2018-04-16 17:38:50,1558.0
2018-04-16 18:29:52,899.0
2018-04-16 20:15:53,737.99
2018-04-16 20:20:19,899.0
2018-04-16 21:26:23,701.9399999999999
2018-04-16 22:36:26,1097.8
2018-04-16 23:49:35,639.0
2018-04-17 08:43:25,849.99
2018-04-17 09:05:11,899.0
2018-04-17 10:15:14,626.0
2018-04-17 11:10:00,2110.0
2018-04-17 13:24:37,1054.0
2018-04-17 14:35:14,629.9
2018-04-17 20:37:20,2299.95
2018-04-17 21:08:59,958.8000000000001
2018-04-18 09:26:43,849.99
2018-04-18 11:07:26,718.0
2018-04-18 13:37:54,877.98
2018-04-18 15:08:17,849.99
2018-04-18 15:40:36,1148.0
2018-04-18 16:33:30,1476.3
2018-04-18 18:08:00,849.99
2018-04-18 18:20:13,799.6
2018-04-18 18:43:31,749.9
2018-04-18 20:28:21,568.9
2018-04-18 21:22:49,699.0
2018-04-18 22:10:06,640.0
2018-04-19 03:39:51,849.99
2018-04-19 10:10:12,889.0
2018-04-19 12:43:24,1000.0
2018-04-19 13:00:52,1106.99
2018-04-19 13:17:43,725.0
2018-04-19 13:54:06,2849.9
2018-04-19 15:27:32,669.65
2018-04-19 16:23:07,729.0
2018-04-19 16:36:33,899.0
2018-04-19 17:25:39,579.0
2018-04-19 21:27:20,570.0
2018-04-19 22:04:20,789.89
2018-04-19 23:15:35,849.99
2018-04-20 08:09:59,1399.0
2018-04-20 08:21:48,750.0
2018-04-20 09:41:41,580.27
2018-04-20 11:40:22,889.0
2018-04-20 11:58:38,899.0
2018-04-20 16:38:02,999.9
2018-04-20 16:59:16,750.0
2018-04-21 00:33:15,669.65
2018-04-21 11:23:31,1299.0
2018-04-21 13:32:20,1195.0
2018-04-22 09:56:24,749.9
2018-04-22 17:07:57,1069.0
2018-04-22 17:45:57,2110.0
2018-04-22 23:23:18,759.0
2018-04-23 08:36:10,998.9
2018-04-23 11:42:32,1097.99
2018-04-23 13:40:37,799.9
2018-04-23 15:36:42,1890.0
2018-04-24 10:58:24,1106.99
2018-04-24 12:33:13,650.0
2018-04-24 14:39:42,750.0
2018-04-24 15:46:24,599.0
2018-04-24 17:01:57,725.0
2018-04-24 20:08:37,625.0
2018-04-24 21:26:05,2428.0
2018-04-24 21:34:35,1700.0
2018-04-24 21:42:31,890.0
2018-04-24 22:10:26,1399.9
2018-04-24 22:52:02,1007.0
2018-04-24 23:24:26,1999.0
2018-04-25 01:20:45,1165.97
2018-04-25 07:40:21,1890.0
2018-04-25 09:10:41,639.0
2018-04-25 12:52:32,740.0
2018-04-25 14:39:40,659.0
2018-04-25 18:15:05,899.0
2018-04-25 18:19:14,659.49
2018-04-25 22:44:04,890.0
2018-04-26 10:53:16,899.0
2018-04-26 13:11:01,656.43
2018-04-26 18:00:35,690.0
2018-04-27 04:17:50,599.0
2018-04-27 05:57:39,3105.0
2018-04-27 08:10:30,780.0
2018-04-27 10:08:55,799.9
2018-04-27 15:52:45,1055.4
2018-04-27 16:26:13,1590.0
2018-04-27 19:50:43,2699.0
2018-04-27 21:50:44,699.0
2018-04-27 23:35:44,1390.55
2018-04-28 12:23:26,2749.0
2018-04-28 12:48:18,2070.0
2018-04-28 17:51:24,799.0
2018-04-29 18:47:18,1019.49
2018-04-29 23:57:11,599.99
2018-04-30 09:38:14,1499.0
2018-04-30 11:18:02,579.99
2018-04-30 11:29:36,799.0
2018-04-30 12:06:49,899.1
2018-04-30 13:10:03,1106.99
2018-04-30 14:13:49,580.27
2018-04-30 16:16:53,750.0
2018-04-30 16:50:42,731.86
2018-04-30 19:35:39,623.7
2018-04-30 19:44:19,779.0
2018-05-01 09:03:05,1099.0
2018-05-01 11:00:04,2170.0
2018-05-01 14:21:26,599.7
2018-05-01 15:58:39,599.0
2018-05-01 16:23:52,590.0
2018-05-02 10:15:58,1099.99
2018-05-02 11:59:40,569.0
2018-05-02 12:20:40,979.6
2018-05-02 13:13:23,899.0
2018-05-02 14:40:20,694.0
2018-05-02 14:51:18,585.0
2018-05-02 21:19:22,649.0
2018-05-02 21:25:27,661.92
2018-05-02 23:05:54,667.0
2018-05-02 23:09:48,649.0
2018-05-03 07:38:29,649.0
2018-05-03 08:48:56,640.0
2018-05-03 12:46:51,619.0
2018-05-03 13:41:50,649.0
2018-05-03 15:12:05,749.9
2018-05-03 16:24:43,569.0
2018-05-03 17:56:34,584.9
2018-05-03 18:19:27,2179.0
2018-05-03 18:38:37,579.0
2018-05-03 19:53:54,1047.0
2018-05-03 20:32:43,1890.0
2018-05-04 00:25:23,1190.65
2018-05-04 10:10:12,599.99
2018-05-04 15:07:26,629.0
2018-05-04 15:55:55,1999.9
2018-05-04 16:32:19,2110.0
2018-05-04 17:28:45,819.99
2018-05-04 17:40:16,715.0
2018-05-04 19:07:29,750.0
2018-05-04 19:19:10,1050.61
2018-05-04 19:43:13,570.0
2018-05-04 20:23:00,579.99
2018-05-05 13:57:37,647.0
2018-05-05 14:30:27,799.9
2018-05-05 14:39:39,599.99
2018-05-05 14:42:25,1727.0
2018-05-05 14:48:34,750.0
2018-05-05 14:53:21,582.0
2018-05-05 23:17:00,599.99
2018-05-06 12:15:19,2110.0
2018-05-06 15:38:02,735.0
2018-05-06 17:26:25,670.0
2018-05-06 18:17:54,649.9
2018-05-06 19:51:35,626.0
2018-05-06 23:32:46,899.99
2018-05-07 09:01:58,779.2
2018-05-07 09:12:14,804.99
2018-05-07 09:25:17,599.0
2018-05-07 10:51:19,799.0
2018-05-07 11:58:52,590.0
2018-05-07 13:26:02,858.9
2018-05-07 15:34:29,590.0
2018-05-07 17:35:43,860.0
2018-05-07 17:46:04,855.6
2018-05-07 20:22:07,1520.88
2018-05-07 21:14:32,2218.0
2018-05-07 21:54:51,599.0
2018-05-07 22:48:45,1099.99
2018-05-07 22:52:56,899.0
2018-05-07 22:52:58,648.0
2018-05-07 23:29:24,990.0
2018-05-08 02:09:32,659.7
2018-05-08 09:27:13,1069.0
2018-05-08 09:53:12,873.99
2018-05-08 11:15:05,739.8
2018-05-08 17:17:29,2550.0
2018-05-08 17:18:14,979.0
2018-05-08 17:34:41,599.99
2018-05-08 19:24:02,630.0
2018-05-08 19:42:13,990.0
2018-05-08 20:06:01,750.0
2018-05-08 20:43:53,797.0
2018-05-08 21:36:29,760.0
2018-05-09 00:06:24,889.2
2018-05-09 10:12:40,1399.0
2018-05-09 10:34:53,979.0
2018-05-09 14:47:10,899.5
2018-05-09 19:23:46,599.99
2018-05-09 20:49:26,899.4000000000001
2018-05-09 21:14:39,839.99
2018-05-10 08:48:18,1399.0
2018-05-10 08:53:58,626.0
2018-05-10 09:05:16,2689.0
2018-05-10 11:04:45,649.51
2018-05-10 11:06:18,599.0
2018-05-10 11:26:25,798.9
2018-05-10 12:06:38,598.0
2018-05-10 12:09:59,1260.0
2018-05-10 13:10:44,1078.0
2018-05-10 14:00:11,1054.0
2018-05-10 14:00:13,1180.0
2018-05-10 14:49:26,1859.97
2018-05-10 14:56:04,1899.0
2018-05-10 15:24:26,1129.99
2018-05-10 17:07:17,1239.98
2018-05-10 17:48:41,799.9
2018-05-10 18:46:19,1360.02
2018-05-10 19:22:34,960.0
2018-05-11 09:49:31,1890.0
2018-05-11 10:46:53,1049.6999999999998
2018-05-11 13:36:41,1039.97
2018-05-11 16:36:36,2520.0
2018-05-11 17:08:52,1859.97
2018-05-11 20:26:43,1799.0
2018-05-11 22:42:21,599.0
2018-05-12 13:42:14,933.98
2018-05-12 14:45:53,569.0
2018-05-12 17:51:47,899.9
2018-05-12 18:33:49,1199.0
2018-05-12 20:43:03,599.9
2018-05-12 21:23:13,999.99
2018-05-12 21:50:00,652.0
2018-05-12 22:16:52,1990.0
2018-05-12 22:27:38,563.0
2018-05-13 14:23:30,799.9
2018-05-13 15:41:30,858.9
2018-05-13 15:50:44,858.9
2018-05-13 16:41:07,798.9
2018-05-13 18:20:48,574.2
2018-05-13 19:47:19,607.95
2018-05-13 20:10:51,599.98
2018-05-13 20:22:00,991.9
2018-05-13 21:26:05,626.0
2018-05-13 22:18:52,1000.0
2018-05-14 00:01:30,699.0
2018-05-14 07:29:34,599.0
2018-05-14 10:05:46,1899.0
2018-05-14 10:29:02,586.56
2018-05-14 13:46:07,766.32
2018-05-14 13:48:00,598.0
2018-05-14 15:15:30,3930.0
2018-05-14 19:04:06,659.8
2018-05-14 20:32:14,750.0
2018-05-14 21:03:30,949.9
2018-05-14 22:04:44,728.0
2018-05-14 23:15:24,599.9
2018-05-14 23:49:10,1790.0
2018-05-15 00:08:11,666.89
2018-05-15 09:10:10,749.55
2018-05-15 09:22:26,784.7
2018-05-15 10:38:22,899.8
2018-05-15 13:26:15,699.6
2018-05-15 13:37:27,607.95
2018-05-15 18:54:39,834.0
2018-05-15 19:01:54,776.0
2018-05-15 20:33:55,900.0
2018-05-16 01:18:19,597.0
2018-05-16 10:05:44,650.0
2018-05-16 12:04:37,662.99
2018-05-16 12:19:35,1186.0
2018-05-16 12:43:12,579.9
2018-05-16 13:05:37,1050.0
2018-05-16 13:40:17,750.0
2018-05-16 15:01:37,759.99
2018-05-16 16:09:15,1914.58
2018-05-16 16:47:20,780.0
2018-05-16 16:58:47,1799.0
2018-05-16 17:13:17,1260.0
2018-05-16 17:23:44,879.0
2018-05-16 18:32:58,572.8
2018-05-16 18:37:58,797.6
2018-05-16 18:54:59,1054.0
2018-05-16 19:09:00,889.0
2018-05-16 20:20:57,749.0
2018-05-16 21:21:07,829.0
2018-05-16 22:13:57,765.0
2018-05-16 23:48:43,594.9
2018-05-17 07:22:36,1049.6999999999998
2018-05-17 15:47:41,598.0
2018-05-17 16:36:13,989.0
2018-05-17 16:45:54,938.9
2018-05-17 16:55:00,1097.99
2018-05-17 17:01:17,649.0
2018-05-17 20:48:34,750.0
2018-05-17 20:53:34,858.9
2018-05-17 21:56:38,682.98
2018-05-18 01:06:11,878.0
2018-05-18 13:59:12,699.99
2018-05-18 14:00:40,878.0
2018-05-18 15:29:19,600.0
2018-05-18 17:40:57,1001.0
2018-05-18 18:35:01,1599.0
2018-05-18 21:10:10,899.0
2018-05-19 11:16:55,1849.0
2018-05-19 14:00:29,2470.5
2018-05-19 16:23:57,999.98
2018-05-19 18:08:37,780.0
2018-05-19 18:18:10,1399.0
2018-05-19 18:43:01,2110.0
2018-05-19 20:40:42,1299.65
2018-05-20 12:35:27,699.9
2018-05-20 16:07:46,601.8
2018-05-20 16:28:42,765.0
2018-05-20 17:57:38,849.0
2018-05-21 13:16:36,625.0
2018-05-21 14:14:35,630.0
2018-05-21 14:56:42,2470.5
2018-05-21 17:29:36,728.0
2018-05-21 21:49:55,599.99
2018-05-22 00:49:37,730.0
2018-05-22 09:10:27,595.0
2018-05-22 12:06:14,745.0
2018-05-22 13:43:23,3099.75
2018-05-22 13:59:54,760.0
2018-05-22 20:33:27,1189.9
2018-05-22 22:36:54,689.0
2018-05-23 08:20:07,1189.9
2018-05-23 09:18:55,1079.9
2018-05-23 18:30:11,679.6999999999999
2018-05-23 18:35:24,980.0
2018-05-23 20:29:40,649.0
2018-05-24 00:22:58,929.0
2018-05-24 00:52:36,1799.0
2018-05-24 12:41:49,2062.99
2018-05-24 14:41:54,1698.0
2018-05-24 15:29:22,1299.99
2018-05-24 19:50:41,599.99
2018-05-25 09:47:21,579.0
2018-05-25 10:33:39,1970.0
2018-05-25 14:41:25,2370.0
2018-05-25 18:28:36,881.64
2018-05-25 19:21:38,819.0
2018-05-26 07:53:04,999.0
2018-05-26 16:05:31,819.8
2018-05-26 21:08:43,569.7
2018-05-27 16:26:55,1377.5
2018-05-27 17:10:25,579.99
2018-05-28 10:48:10,699.99
2018-05-28 12:36:33,659.8
2018-05-28 13:37:22,773.75
2018-05-28 14:18:26,840.0
2018-05-28 15:18:56,849.0
2018-05-28 16:34:55,699.0
2018-05-28 16:52:57,1015.0
2018-05-28 17:05:02,586.0
2018-05-28 18:01:46,1100.0
2018-05-28 19:29:49,765.0
2018-05-28 20:21:30,1917.8000000000002
2018-05-28 21:16:48,839.99
2018-05-28 22:39:59,839.99
2018-05-29 07:58:56,948.9
2018-05-29 10:04:54,1209.0
2018-05-29 10:26:20,999.0
2018-05-29 13:47:34,865.89
2018-05-29 14:21:11,2699.0
2018-05-29 18:10:24,1299.65
2018-05-29 21:30:08,599.9
2018-05-30 09:46:25,780.0
2018-05-30 11:04:00,1377.5
2018-05-30 13:00:03,988.44
2018-05-31 12:58:38,730.0
2018-05-31 13:13:17,609.0
2018-05-31 21:05:55,2749.65
2018-05-31 21:40:54,879.77
2018-05-31 22:06:57,809.0
2018-05-31 22:57:07,4400.0
2018-06-01 01:20:55,899.0
2018-06-01 09:57:51,2547.0
2018-06-01 10:52:14,627.8
2018-06-01 12:47:04,809.0
2018-06-01 16:50:43,666.0
2018-06-01 17:51:43,720.22
2018-06-01 18:20:55,790.0
2018-06-01 19:08:41,2919.3999999999996
2018-06-01 19:38:14,699.99
2018-06-01 20:30:35,839.99
2018-06-02 10:10:55,799.0
2018-06-02 10:11:22,899.0
2018-06-02 11:44:39,654.9
2018-06-02 13:53:43,1899.0
2018-06-02 14:07:35,765.0
2018-06-02 17:40:23,599.99
2018-06-02 21:24:44,1332.5
2018-06-02 22:27:59,1332.5
2018-06-02 22:36:30,572.9
2018-06-03 01:51:37,599.9
2018-06-03 10:56:23,598.0
2018-06-03 13:31:36,724.0
2018-06-03 18:11:45,799.0
2018-06-03 18:46:18,1890.0
2018-06-03 19:45:59,1499.65
2018-06-03 22:59:59,586.0
2018-06-04 10:28:41,1299.65
2018-06-04 12:38:18,1499.65
2018-06-04 12:54:12,940.0
2018-06-04 19:33:54,599.99
2018-06-04 21:13:45,1299.65
2018-06-04 23:21:42,699.99
2018-06-05 12:45:17,3899.0
2018-06-05 14:38:19,1330.0
2018-06-05 16:32:04,569.9
2018-06-05 17:40:18,838.1
2018-06-05 17:54:43,765.0
2018-06-05 22:10:39,1005.55
2018-06-06 13:21:07,849.0
2018-06-06 13:36:53,819.89
2018-06-06 18:37:14,849.5
2018-06-06 21:47:33,669.0
2018-06-07 00:14:28,1139.0
2018-06-07 10:02:26,1499.65
2018-06-07 10:38:12,869.0
2018-06-07 10:57:37,579.99
2018-06-07 11:09:22,765.0
2018-06-07 11:31:23,670.0
2018-06-07 12:47:10,790.0
2018-06-07 13:28:00,940.0
2018-06-07 13:53:52,3198.0
2018-06-07 17:06:22,1234.0
2018-06-07 20:45:20,969.99
2018-06-08 12:12:36,1168.0
2018-06-08 14:32:25,592.0
2018-06-08 16:11:27,790.0
2018-06-08 17:35:20,760.0
2018-06-09 08:51:19,662.73
2018-06-09 09:33:44,1099.0
2018-06-09 10:24:21,1312.0
2018-06-09 10:27:04,919.9
2018-06-09 11:41:45,799.0
2018-06-09 12:38:45,849.0
2018-06-09 16:05:49,890.0
2018-06-09 16:12:08,750.0
2018-06-09 16:15:40,830.0
2018-06-09 20:12:15,569.0
2018-06-09 20:13:49,2299.99
2018-06-10 10:53:06,665.0
2018-06-10 13:27:42,997.8
2018-06-10 13:43:30,733.0
2018-06-10 16:56:27,619.0
2018-06-10 21:28:17,1199.0
2018-06-10 21:54:01,849.0
2018-06-11 03:26:45,579.99
2018-06-11 09:22:20,599.99
2018-06-11 12:24:48,849.0
2018-06-11 12:37:05,849.0
2018-06-11 15:31:32,1890.0
2018-06-11 15:38:29,1699.99
2018-06-11 15:43:54,879.77
2018-06-11 16:59:53,770.0
2018-06-11 17:33:45,616.0
2018-06-11 21:04:10,809.0
2018-06-11 21:17:41,2920.0
2018-06-11 22:04:34,2139.99
2018-06-11 22:55:43,1009.9
2018-06-11 23:01:49,1099.0
2018-06-11 23:05:13,730.0
2018-06-12 00:09:55,855.0
2018-06-12 09:06:42,1899.0
2018-06-12 10:09:19,694.15
2018-06-12 10:17:58,1999.0
2018-06-12 11:56:40,653.4000000000001
2018-06-12 12:21:41,1099.0
2018-06-12 15:57:45,590.0
2018-06-12 16:20:38,799.9
2018-06-12 16:59:53,809.0
2018-06-12 17:48:25,750.0
2018-06-12 19:20:44,2090.0
2018-06-12 20:20:06,798.9
2018-06-12 21:05:40,1599.0
2018-06-13 08:52:03,728.0
2018-06-13 12:37:27,1850.0
2018-06-13 16:27:02,850.0
2018-06-13 21:37:01,698.9
2018-06-14 09:13:37,599.99
2018-06-14 11:35:32,1013.4
2018-06-14 15:40:29,750.0
2018-06-15 11:08:54,568.0
2018-06-15 11:46:28,569.0
2018-06-15 13:21:43,1449.0
2018-06-15 14:48:35,849.0
2018-06-15 15:23:07,694.65
2018-06-15 16:04:04,1480.0
2018-06-15 18:34:57,629.9
2018-06-15 20:46:53,1499.0
2018-06-15 21:05:10,599.99
2018-06-16 11:21:37,650.0
2018-06-16 12:55:53,719.96
2018-06-16 13:19:30,659.0
2018-06-16 15:24:03,899.0
2018-06-16 19:20:49,820.05
2018-06-16 20:45:44,1299.65
2018-06-16 21:49:37,695.9
2018-06-16 22:09:12,1377.5
2018-06-17 20:32:45,1890.0
2018-06-17 23:54:56,689.0
2018-06-18 11:19:25,1189.0
2018-06-18 11:33:07,797.0
2018-06-18 13:08:38,1369.9
2018-06-18 14:07:12,930.0
2018-06-18 14:28:22,579.0
2018-06-18 15:55:12,600.0
2018-06-18 19:16:12,1689.0
2018-06-18 20:19:21,849.0
2018-06-18 22:43:08,569.0
2018-06-19 09:26:36,879.77
2018-06-19 10:11:16,898.0
2018-06-19 14:01:57,1094.04
2018-06-19 16:21:17,1977.0
2018-06-19 18:05:41,634.4
2018-06-19 22:58:32,2221.0
2018-06-20 07:42:30,899.0
2018-06-20 10:05:55,1269.1
2018-06-20 15:25:44,945.0
2018-06-20 15:26:42,1377.5
2018-06-20 18:47:35,855.0
2018-06-20 21:40:31,699.99
2018-06-20 22:19:52,890.0
2018-06-21 12:41:34,750.0
2018-06-21 13:28:51,799.6
2018-06-21 20:09:02,799.99
2018-06-21 22:42:52,798.0
2018-06-22 12:08:45,816.0
2018-06-22 12:23:19,4590.0
2018-06-22 22:17:39,661.0
2018-06-23 12:16:19,999.87
2018-06-23 20:42:39,649.49
2018-06-23 22:14:42,579.9
2018-06-24 10:01:06,744.0
2018-06-24 11:49:34,599.99
2018-06-24 12:40:55,598.97
2018-06-24 13:49:51,2110.0
2018-06-24 20:03:39,599.98
2018-06-24 20:08:48,586.0
2018-06-25 09:52:10,950.0
2018-06-25 10:38:46,796.0
2018-06-25 11:05:44,1500.0
2018-06-25 11:15:35,799.99
2018-06-25 12:01:55,699.0
2018-06-25 13:42:45,1335.0
2018-06-25 15:29:36,597.0
2018-06-25 16:50:08,2160.0
2018-06-25 20:37:05,837.8
2018-06-25 20:52:22,669.8
2018-06-26 07:21:27,730.0
2018-06-26 13:21:07,654.99
2018-06-26 15:38:26,809.0
2018-06-26 20:48:33,599.9399999999999
2018-06-27 09:46:09,699.99
2018-06-27 13:54:26,639.0
2018-06-27 19:58:30,750.0
2018-06-27 22:26:14,830.0
2018-06-28 12:46:16,619.9
2018-06-28 12:52:15,844.0
2018-06-28 16:47:41,1880.0
2018-06-28 18:05:26,1399.9
2018-06-28 18:13:35,1190.0
2018-06-28 20:38:55,699.0
2018-06-28 20:56:28,591.07
2018-06-29 08:54:47,689.99
2018-06-29 18:27:05,1260.0
2018-06-29 19:31:33,1199.95
2018-06-30 14:41:10,950.0
2018-06-30 20:06:44,733.3
2018-06-30 22:34:16,720.99
2018-07-01 10:38:02,926.0
2018-07-01 11:05:08,1660.0
2018-07-01 11:51:47,588.5
2018-07-01 14:01:27,650.0
2018-07-01 20:45:27,1190.0
2018-07-01 20:54:21,1999.0
2018-07-01 22:01:45,855.0
2018-07-02 15:59:34,598.0
2018-07-02 16:39:59,1050.0
2018-07-02 20:59:40,599.0
2018-07-02 21:45:09,763.5
2018-07-03 09:51:36,736.0
2018-07-03 10:00:13,689.99
2018-07-03 16:15:05,829.0
2018-07-03 18:36:57,779.9
2018-07-03 21:25:43,954.0
2018-07-04 00:20:29,747.0
2018-07-04 09:21:08,579.99
2018-07-04 09:52:41,1199.9
2018-07-04 12:08:27,810.0
2018-07-04 13:08:27,580.0
2018-07-04 13:44:57,1999.99
2018-07-04 20:50:40,899.9
2018-07-04 21:50:13,767.3
2018-07-04 23:04:01,598.99
2018-07-04 23:17:21,680.0
2018-07-05 00:40:06,1199.0
2018-07-05 00:58:05,1800.0
2018-07-05 07:53:01,920.0
2018-07-05 21:34:17,1399.99
2018-07-05 21:37:23,760.0
2018-07-05 21:53:02,949.9
2018-07-06 11:07:02,3089.0
2018-07-06 13:23:46,598.0
2018-07-06 14:24:13,634.4
2018-07-06 19:04:34,1260.0
2018-07-07 12:56:12,795.0
2018-07-07 14:04:26,592.0
2018-07-08 14:12:21,1399.0
2018-07-09 08:40:38,795.0
2018-07-09 15:40:27,699.9
2018-07-09 21:16:50,1129.99
2018-07-10 11:55:36,670.0
2018-07-10 14:37:30,599.0
2018-07-10 17:16:33,1350.0
2018-07-10 18:39:14,594.9
2018-07-10 20:53:38,1670.0
2018-07-11 10:10:01,770.0
2018-07-11 16:02:22,979.0
2018-07-11 18:33:35,779.0
2018-07-11 21:17:27,791.95
2018-07-12 00:03:11,2199.99
2018-07-12 08:47:25,1534.9
2018-07-12 09:03:03,799.9
2018-07-12 12:01:37,2299.95
2018-07-12 12:08:36,4599.9
2018-07-12 12:14:56,2299.95
2018-07-12 17:48:39,798.0
2018-07-12 17:48:52,699.99
2018-07-12 20:52:09,699.0
2018-07-13 10:33:48,1050.0
2018-07-13 12:21:43,1514.3
2018-07-13 13:34:08,795.0
2018-07-13 14:58:48,1699.0
2018-07-13 18:51:55,1099.0
2018-07-13 21:39:22,864.9
2018-07-14 09:19:17,1280.0
2018-07-14 10:21:43,890.0
2018-07-14 16:12:14,599.0
2018-07-14 16:16:01,1460.0
2018-07-14 17:06:20,798.9
2018-07-14 18:19:56,699.0
2018-07-15 07:08:12,1359.9
2018-07-15 10:03:12,1099.0
2018-07-15 14:49:44,7160.0
2018-07-15 15:23:29,1359.9
2018-07-15 18:16:05,650.0
2018-07-15 19:23:25,675.99
2018-07-15 22:09:53,564.9
2018-07-16 09:48:11,699.4
2018-07-16 10:15:36,799.0
2018-07-16 13:30:06,949.99
2018-07-16 19:31:47,795.0
2018-07-17 11:16:54,978.9
2018-07-17 13:27:40,2198.0
2018-07-17 14:41:41,1788.0
2018-07-17 15:36:30,1084.9
2018-07-17 17:26:36,649.0
2018-07-17 19:56:55,669.99
2018-07-17 23:55:14,746.0
2018-07-18 09:22:37,940.5
2018-07-18 09:53:11,795.0
2018-07-18 12:59:21,1079.94
2018-07-18 13:42:11,689.9
2018-07-18 14:29:55,1389.9
2018-07-18 17:59:55,1499.0
2018-07-18 18:53:03,769.9
2018-07-18 19:23:53,749.0
2018-07-18 19:35:02,1099.0
2018-07-18 21:37:45,1429.9
2018-07-19 00:36:41,634.4
2018-07-19 08:58:48,1389.9
2018-07-19 09:04:05,795.0
2018-07-19 10:06:33,798.0
2018-07-19 12:44:53,966.9
2018-07-19 12:59:52,1260.0
2018-07-19 16:28:10,669.99
2018-07-19 17:22:40,692.0
2018-07-19 21:09:30,1099.0
2018-07-20 10:32:03,1450.0
2018-07-20 14:09:09,1502.93
2018-07-20 16:07:28,681.2
2018-07-20 16:44:41,1079.9
2018-07-20 17:57:36,999.9
2018-07-20 18:39:50,980.0
2018-07-20 20:19:59,599.65
2018-07-21 08:11:02,647.0
2018-07-21 14:32:36,969.0
2018-07-22 11:13:05,998.9
2018-07-22 16:18:31,679.0
2018-07-22 16:56:59,1389.99
2018-07-22 19:49:25,676.0
2018-07-22 22:00:26,572.64
2018-07-22 23:14:34,818.0
2018-07-22 23:36:14,1795.0
2018-07-23 12:04:23,1760.0
2018-07-23 13:08:54,728.9
2018-07-23 14:27:40,1699.99
2018-07-23 15:19:02,610.0
2018-07-23 19:36:17,682.98
2018-07-23 20:37:29,1190.0
2018-07-23 20:50:50,664.0
2018-07-24 10:45:01,849.0
2018-07-24 13:07:51,859.9
2018-07-24 14:28:36,1090.0
2018-07-24 17:36:19,1322.64
2018-07-24 19:19:18,890.0
2018-07-24 19:34:57,775.0
2018-07-24 20:41:01,3109.99
2018-07-24 21:46:29,799.9
2018-07-24 23:09:26,1899.0
2018-07-25 10:24:29,1037.85
2018-07-25 14:51:37,798.0
2018-07-25 15:30:08,712.3
2018-07-25 18:10:17,6729.0
2018-07-25 22:39:01,594.99
2018-07-26 12:57:37,879.0
2018-07-26 14:01:41,650.0
2018-07-26 15:22:44,580.27
2018-07-26 16:11:51,1150.0
2018-07-26 19:06:06,570.0
2018-07-26 21:48:22,2199.0
2018-07-26 22:20:02,780.0
2018-07-26 23:07:12,585.0
2018-07-27 09:48:19,735.0
2018-07-27 11:21:46,1189.0
2018-07-27 12:10:13,855.0
2018-07-27 12:45:51,679.0
2018-07-27 14:28:20,2258.0
2018-07-27 15:24:26,1240.0
2018-07-27 15:54:52,749.9
2018-07-27 17:36:19,600.0
2018-07-27 19:46:45,614.9
2018-07-28 09:39:51,1650.0
2018-07-28 13:11:22,755.98
2018-07-28 13:14:57,682.98
2018-07-28 13:34:11,598.9
2018-07-28 19:00:54,2399.0
2018-07-29 00:05:24,1669.87
2018-07-29 01:31:27,839.0
2018-07-29 08:39:48,4059.0
2018-07-29 11:41:33,1149.0
2018-07-29 15:29:19,839.99
2018-07-29 16:15:14,795.0
2018-07-29 18:52:30,699.98
2018-07-30 01:23:40,887.0
2018-07-30 10:04:21,2338.08
2018-07-30 10:17:54,1788.0
2018-07-30 11:40:50,590.0
2018-07-30 15:33:14,895.65
2018-07-30 18:57:39,659.99
2018-07-30 19:38:03,729.08
2018-07-30 19:42:59,859.9
2018-07-31 08:48:58,955.0
2018-07-31 09:53:32,1100.0
2018-07-31 10:27:34,839.4000000000001
2018-07-31 11:34:05,650.0
2018-07-31 14:20:47,599.76
2018-07-31 14:27:01,650.0
2018-07-31 15:08:53,900.0
2018-07-31 18:29:56,650.0
2018-07-31 19:44:52,1799.0
2018-07-31 20:18:46,658.9
2018-07-31 20:19:04,1295.0
2018-07-31 23:31:44,599.0
2018-08-01 07:19:59,812.99
2018-08-01 11:56:01,799.0
2018-08-01 16:57:20,735.0
2018-08-01 17:23:55,879.33
2018-08-01 17:27:04,679.0
2018-08-01 18:14:28,897.0
2018-08-01 19:52:40,999.0
2018-08-02 12:04:42,1150.0
2018-08-02 12:06:09,1190.8
2018-08-02 12:07:08,663.99
2018-08-02 14:50:44,679.0
2018-08-02 17:53:47,586.0
2018-08-02 20:52:16,996.0
2018-08-02 21:18:33,795.0
2018-08-03 00:45:12,1277.5
2018-08-03 13:18:11,599.8
2018-08-03 15:28:52,607.9
2018-08-03 15:57:04,999.9
2018-08-03 18:18:35,658.9
2018-08-03 20:31:07,629.9
2018-08-03 21:10:16,4399.87
2018-08-03 23:11:47,1095.65
2018-08-04 10:33:23,676.97
2018-08-04 11:44:26,649.0
2018-08-04 12:04:39,795.0
2018-08-04 14:32:55,1899.0
2018-08-04 15:52:54,2090.0
2018-08-04 16:22:05,789.0
2018-08-04 19:25:17,1608.99
2018-08-04 22:22:59,884.0
2018-08-05 14:55:14,1400.0
2018-08-05 21:27:37,599.98
2018-08-05 22:28:27,887.0
2018-08-06 00:59:11,848.9
2018-08-06 05:17:22,799.0
2018-08-06 09:21:25,1099.0
2018-08-06 09:29:23,1102.63
2018-08-06 10:58:22,874.0
2018-08-06 11:06:21,2350.0
2018-08-06 15:30:10,657.8
2018-08-06 16:41:44,1798.0
2018-08-06 18:25:54,699.0
2018-08-06 18:45:01,1349.0
2018-08-06 19:10:06,879.0
2018-08-06 20:17:40,765.0
2018-08-06 20:19:36,1569.8000000000002
2018-08-06 21:19:27,600.74
2018-08-06 21:30:56,640.0
2018-08-06 22:12:30,1309.0
2018-08-07 00:47:40,1650.0
2018-08-07 09:03:02,1020.0
2018-08-07 10:52:58,749.0
2018-08-07 10:57:10,839.0
2018-08-07 16:35:35,1020.0
2018-08-07 16:49:52,699.42
2018-08-07 21:40:46,729.0
2018-08-07 22:18:37,649.0
2018-08-07 23:19:34,719.9
2018-08-08 09:44:01,2029.0
2018-08-08 09:49:45,817.0
2018-08-08 10:47:10,735.0
2018-08-08 11:34:56,650.0
2018-08-08 13:44:54,1460.99
2018-08-08 14:24:24,1020.0
2018-08-08 14:27:15,1020.0
2018-08-08 17:00:52,797.8
2018-08-08 21:18:55,619.99
2018-08-08 21:34:09,812.99
2018-08-08 22:32:21,843.9
2018-08-09 00:33:26,619.0
2018-08-09 08:55:38,2338.08
2018-08-09 11:47:07,1199.9
2018-08-09 12:16:52,656.43
2018-08-09 12:44:07,1240.0
2018-08-09 14:12:11,730.0
2018-08-09 18:02:26,795.0
2018-08-09 19:54:54,1319.9
2018-08-09 20:57:18,599.0
2018-08-09 22:53:02,797.0
2018-08-10 00:17:59,2350.0
2018-08-10 15:21:47,798.0
2018-08-10 18:17:09,899.0
2018-08-11 08:30:03,659.0
2018-08-11 12:14:35,1107.0
2018-08-11 15:41:42,639.0
2018-08-11 18:37:26,1999.9
2018-08-11 18:40:05,599.99
2018-08-11 19:20:35,639.0
2018-08-12 02:11:20,1138.3
2018-08-12 03:44:50,2150.0
2018-08-12 15:42:03,1325.9
2018-08-12 15:54:57,1240.0
2018-08-12 17:34:48,1623.9
2018-08-12 19:28:01,1045.0
2018-08-13 09:36:38,980.0
2018-08-13 14:07:50,2338.08
2018-08-13 14:36:26,749.0
2018-08-13 16:17:10,699.4
2018-08-13 19:30:37,1199.9
2018-08-13 22:17:40,682.98
2018-08-13 22:51:49,849.0
2018-08-13 23:03:46,1267.2
2018-08-14 11:15:33,799.9
2018-08-14 14:19:51,1467.8
2018-08-14 15:03:06,899.0
2018-08-14 16:03:12,712.3
2018-08-14 16:04:40,795.95
2018-08-14 17:49:50,1240.0
2018-08-14 17:50:05,639.0
2018-08-14 20:02:28,2258.0
2018-08-14 20:06:02,659.99
2018-08-14 21:40:12,895.0
2018-08-14 22:31:52,1999.98
2018-08-15 00:00:48,600.0
2018-08-15 09:57:51,642.3
2018-08-15 10:57:59,567.35
2018-08-15 11:30:33,1299.65
2018-08-15 14:45:24,690.0
2018-08-15 14:50:52,2999.9
2018-08-15 16:12:57,1999.0
2018-08-15 17:00:49,3099.0
2018-08-15 18:26:46,779.0
2018-08-15 18:51:47,789.99
2018-08-15 19:03:09,1090.0
2018-08-16 15:02:31,1750.0
2018-08-16 18:52:14,2299.0
2018-08-16 23:24:34,1999.99
2018-08-17 00:56:07,699.4
2018-08-17 10:59:18,1788.0
2018-08-17 11:15:02,1690.0
2018-08-17 11:15:25,570.0
2018-08-17 11:51:36,682.98
2018-08-17 16:07:20,1988.0
2018-08-18 12:45:56,999.99
2018-08-18 14:30:30,899.0
2018-08-18 14:50:45,890.0
2018-08-18 19:21:21,648.0
2018-08-18 23:53:24,799.0
2018-08-19 09:35:34,1499.99
2018-08-19 19:09:07,1299.65
2018-08-19 19:09:43,659.7
2018-08-19 20:04:58,579.0
2018-08-19 22:37:42,2300.0
2018-08-20 07:36:53,749.0
2018-08-20 10:39:27,650.0
2018-08-20 11:23:16,598.0
2018-08-20 12:37:54,730.0
2018-08-20 12:38:56,629.99
2018-08-20 13:09:17,950.0
2018-08-20 14:39:22,1230.0
2018-08-20 14:44:08,809.4
2018-08-20 16:26:49,1300.0
2018-08-20 18:55:21,759.9
2018-08-20 19:09:20,1299.65
2018-08-21 01:45:43,599.99
2018-08-21 09:39:27,730.0
2018-08-21 14:19:34,1099.0
2018-08-22 10:53:16,1240.0
2018-08-22 14:14:50,959.99
2018-08-23 14:21:50,735.0
2018-08-23 21:49:33,2160.0
2018-08-23 23:05:07,585.0
2018-08-25 15:12:30,2300.0
2018-08-25 20:59:18,999.99
2018-08-26 07:38:38,1240.0
2018-08-28 20:49:17,712.9
